Codigo;Descripción;Producto;Des. Producto;Des. Familia
012F43NL;FS-C5030N;1T02F30EU0;TK-510K;CONSUMIBLES B/N
012F43NL;FS-C5030N;1T02F3AEU0;TK-510Y;CONSUMIBLES COLOR
012F43NL;FS-C5030N;1T02F3BEU0;TK-510M;CONSUMIBLES COLOR
012F43NL;FS-C5030N;1T02F3CEU0;TK-510C;CONSUMIBLES COLOR
012F83NL;FS-2000D;1T02F80EUC;TK-310;CONSUMIBLES B/N
012F93NL;FS-3900DN;0T2F80EU;TK-310;CONSUMIBLES B/N
012F93NL;FS-3900DN;1T02F90EU0;TK-320;CONSUMIBLES B/N
012FZ3NL;KM-C2520;1T02FZ0EU0;TK-825K;CONSUMIBLES B/N
012FZ3NL;KM-C2520;1T02FZAEU0;TK-825Y;CONSUMIBLES COLOR
012FZ3NL;KM-C2520;1T02FZBEU0;TK-825M;CONSUMIBLES COLOR
012FZ3NL;KM-C2520;1T02FZCEU0;TK-825C;CONSUMIBLES COLOR
012G63NL;FS-1030D;1T02G60DE0;TK-120;CONSUMIBLES B/N
012GA3NL;FS-4000DN;0T2F80EU;TK-310;CONSUMIBLES B/N
012GA3NL;FS-4000DN;1T02F90EU0;TK-320;CONSUMIBLES B/N
012GA3NL;FS-4000DN;1T02GA0EU0;TK-330;CONSUMIBLES B/N
012GM3NL;FS-1118MFP;1T02FM0EU0;TK18;CONSUMIBLES B/N
012GM3NL;FS-1118MFP;370PU5KW;TK-100;CONSUMIBLES B/N
012GN3NL;KM-3050;1T02GR0EU0;TK-715;CONSUMIBLES B/N
012GP3NL;KM-4050;1T02GR0EU0;TK-715;CONSUMIBLES B/N
012GR3NL;KM-5050;1T02GR0EU0;TK-715;CONSUMIBLES B/N
012H03NL;KM-2560;1T02H00EU0;TK-675;CONSUMIBLES B/N
012H43EU;FS-1350DN;1T02HS0EU0;TK-130;CONSUMIBLES B/N
012H43EU;FS-1350DN;1T02HS0EUC;TK-130;CONSUMIBLES B/N
012H53EU;FS-1100;1T02H50EU0;TK-140;CONSUMIBLES B/N
012H73NL;TASKALFA 500CI;1T02H70EU0;TK-855K;CONSUMIBLES B/N
012H73NL;TASKALFA 500CI;1T02H7AEU0;TK-855Y;CONSUMIBLES COLOR
012H73NL;TASKALFA 500CI;1T02H7BEU0;TK-855M;CONSUMIBLES COLOR
012H73NL;TASKALFA 500CI;1T02H7CEU0;TK-855C;CONSUMIBLES COLOR
012HA3NL;KM-2035;370AM010;TK-410;CONSUMIBLES B/N
012HB3NL;KM-1635;370AM010;TK-410;CONSUMIBLES B/N
012HJ3NL;FS-C5015N;1T02HJ0EU0;TK-520K;CONSUMIBLES B/N
012HJ3NL;FS-C5015N;1T02HJAEU0;TK-520Y;CONSUMIBLES COLOR
012HJ3NL;FS-C5015N;1T02HJBEU0;TK-520M;CONSUMIBLES COLOR
012HJ3NL;FS-C5015N;1T02HJCEU0;TK-520C;CONSUMIBLES COLOR
012HK3NL;FS-C5025N;1T02F30EU0;TK-510K;CONSUMIBLES B/N
012HK3NL;FS-C5025N;1T02F3AEU0;TK-510Y;CONSUMIBLES COLOR
012HK3NL;FS-C5025N;1T02F3BEU0;TK-510M;CONSUMIBLES COLOR
012HK3NL;FS-C5025N;1T02F3CEU0;TK-510C;CONSUMIBLES COLOR
012HL3EU;FS-C5100DN;1T02HL0EU0;TK-540K;CONSUMIBLES B/N
012HL3EU;FS-C5100DN;1T02HLAEU0;TK-540Y;CONSUMIBLES COLOR
012HL3EU;FS-C5100DN;1T02HLBEU0;TK-540M;CONSUMIBLES COLOR
012HL3EU;FS-C5100DN;1T02HLCEU0;TK-540C;CONSUMIBLES COLOR
012HN3EU;FS-C5300DN;1T02HN0EU0;TK-560K;CONSUMIBLES B/N
012HN3EU;FS-C5300DN;1T02HNAEU0;TK-560Y;CONSUMIBLES COLOR
012HN3EU;FS-C5300DN;1T02HNBEU0;TK-560M;CONSUMIBLES COLOR
012HN3EU;FS-C5300DN;1T02HNCEU0;TK-560C;CONSUMIBLES COLOR
012HS3EU;FS-1300D;1T02HS0EU0;TK-130;CONSUMIBLES B/N
012HS3EU;FS-1300D;1T02HS0EUC;TK-130;CONSUMIBLES B/N
012HZ3NL;KM-3060;1T02H00EU0;TK-675;CONSUMIBLES B/N
012J03EU;FS-2020D;1T02J00EU0;TK-340;CONSUMIBLES B/N
012J03EU;FS-2020D;1T02J00EUC;TK-340;CONSUMIBLES B/N
012JC3NL;KM-3040;1T02H00EU0;TK-675;CONSUMIBLES B/N
012JL3N1;KM-C2525E;1T02FZ0EU0;TK-825K;CONSUMIBLES B/N
012JL3N1;KM-C2525E;1T02FZAEU0;TK-825Y;CONSUMIBLES COLOR
012JL3N1;KM-C2525E;1T02FZBEU0;TK-825M;CONSUMIBLES COLOR
012JL3N1;KM-C2525E;1T02FZCEU0;TK-825C;CONSUMIBLES COLOR
012JN3ES;FS-1128MFP;1T02HS0EU0;TK-130;CONSUMIBLES B/N
012JN3ES;FS-1128MFP;1T02HS0EUC;TK-130;CONSUMIBLES B/N
012JV3NL;TASKALFA 400CI;1902R60UN0;WT-5190;CONSUMIBLES B/N
012JV3NL;TASKALFA 400CI;1T02H70EU0;TK-855K;CONSUMIBLES B/N
012JV3NL;TASKALFA 400CI;1T02H7AEU0;TK-855Y;CONSUMIBLES COLOR
012JV3NL;TASKALFA 400CI;1T02H7BEU0;TK-855M;CONSUMIBLES COLOR
012JV3NL;TASKALFA 400CI;1T02H7CEU0;TK-855C;CONSUMIBLES COLOR
012JX3NL;TASKALFA 300CI;1T02JZ0EU0;TK-865K;CONSUMIBLES B/N
012JX3NL;TASKALFA 300CI;1T02JZAEU0;TK-865Y;CONSUMIBLES COLOR
012JX3NL;TASKALFA 300CI;1T02JZBEU0;TK-865M;CONSUMIBLES COLOR
012JX3NL;TASKALFA 300CI;1T02JZCEU0;TK-865C;CONSUMIBLES COLOR
012K03NL;FS-C8520MFP;1T02K00NL0;TK-895K;CONSUMIBLES B/N
012K03NL;FS-C8520MFP;1T02K0ANL0;TK-895Y;CONSUMIBLES COLOR
012K03NL;FS-C8520MFP;1T02K0BNL0;TK-895M;CONSUMIBLES COLOR
012K03NL;FS-C8520MFP;1T02K0CNL0;TK-895C;CONSUMIBLES COLOR
012KP3NL;TASKALFA 820;1T02KP0NL0;TK-665;CONSUMIBLES B/N
012KR3NL;TASKALFA 420I;1T02KR0NL0;TK-725;CONSUMIBLES B/N
012KS3NL;TASKALFA 520i;1T02KR0NL0;TK-725;CONSUMIBLES B/N
012L33NL;FS-6525MFP;1T02K30NL0;TK-475;CONSUMIBLES B/N
012LL3NL;TASKALFA 3500I;1902LC0UN0;WT-860;CONSUMIBLES B/N
012LL3NL;TASKALFA 3500I;1T02LH0NL0;TK-6305;CONSUMIBLES B/N
012LL3NL;TASKALFA 3500I;1T02LH0NL1;TK-6305;CONSUMIBLES B/N
012LZ3NL;FS-1320D;1T02LZ0NLC;TK-170;CONSUMIBLES B/N
012MF3NL;FS-3040MFP;1T02LX0NL0;TK-350 B;CONSUMIBLES B/N
012MF3NL;FS-3040MFP;1T02LX0NLC;TK-350 B;CONSUMIBLES B/N
012MG3NL;FS-3140MFP;1T02LX0NL0;TK-350 B;CONSUMIBLES B/N
012MG3NL;FS-3140MFP;1T02LX0NLC;TK-350 B;CONSUMIBLES B/N
022DA513;KM-2050;370AM010;TK-410;CONSUMIBLES B/N
022DB513;KM-1650;370AM010;TK-410;CONSUMIBLES B/N
022DC513;KM-1500;370PU5KW;TK-100;CONSUMIBLES B/N
022FT513;KM-2550;370AR010;TK-420;CONSUMIBLES B/N
042FY0KM;FS-3820N;370QD0KX;TK-65;CONSUMIBLES B/N
1102G13NL0;FS-9530DN;1T02G10EU0;TK-710;CONSUMIBLES B/N
1102G53NL0;FS-1116MFP;1T02FV0DE0;TK-110;CONSUMIBLES B/N
1102G53NL0;FS-1116MFP;1T02FV0DE1;TK-110E;CONSUMIBLES B/N
1102GZ3NL1;FS-9130DN;1T02G10EU0;TK-710;CONSUMIBLES B/N
1102H03EU0;FS-C5400DN;1T02HG0EU0;TK-570K;CONSUMIBLES B/N
1102H03EU0;FS-C5400DN;1T02HGAEU0;TK-570Y;CONSUMIBLES COLOR
1102H03EU0;FS-C5400DN;1T02HGBEU0;TK-570M;CONSUMIBLES COLOR
1102H03EU0;FS-C5400DN;1T02HGCEU0;TK-570C;CONSUMIBLES COLOR
1102H03NL0;KM-2560;1T02H00EU0;TK-675;CONSUMIBLES B/N
1102HP3NL0;FS-C8100DN;1T02HP0EU0;TK-820K;CONSUMIBLES COLOR
1102HP3NL0;FS-C8100DN;1T02HPAEU0;TK-820Y;CONSUMIBLES COLOR
1102HP3NL0;FS-C8100DN;1T02HPBEU0;TK-820M;CONSUMIBLES COLOR
1102HP3NL0;FS-C8100DN;1T02HPCEU0;TK-820C;CONSUMIBLES COLOR
1102J03EU0;FS-2020D;1T02J00EU0;TK-340;CONSUMIBLES B/N
1102J03EU0;FS-2020D;1T02J00EUC;TK-340;CONSUMIBLES B/N
1102J13EU0;FS-3920DN;1T02LX0NL0;TK-350 B;CONSUMIBLES B/N
1102J13EU0;FS-3920DN;1T02LX0NLC;TK-350 B;CONSUMIBLES B/N
1102J23EU0;FS-4020DN;1T02J20EU0;TK-360;CONSUMIBLES B/N
1102J23EU0;FS-4020DN;1T02J20EUC;TK-360;CONSUMIBLES B/N
1102J23EU0;FS-4020DN;1T02LX0NL0;TK-350 B;CONSUMIBLES B/N
1102J53EU0;FS-6970DN;1T02J50EU0;TK-450;CONSUMIBLES B/N
1102JZ3NL0;TASKalfa 250CI;1T02JZ0EU0;TK-865K;CONSUMIBLES B/N
1102JZ3NL0;TASKalfa 250CI;1T02JZAEU0;TK-865Y;CONSUMIBLES COLOR
1102JZ3NL0;TASKalfa 250CI;1T02JZBEU0;TK-865M;CONSUMIBLES COLOR
1102JZ3NL0;TASKalfa 250CI;1T02JZCEU0;TK-865C;CONSUMIBLES COLOR
1102K03NL0;FS-C8025MFP;1T02K00NL0;TK-895K;CONSUMIBLES B/N
1102K03NL0;FS-C8025MFP;1T02K0ANL0;TK-895Y;CONSUMIBLES COLOR
1102K03NL0;FS-C8025MFP;1T02K0BNL0;TK-895M;CONSUMIBLES COLOR
1102K03NL0;FS-C8025MFP;1T02K0CNL0;TK-895C;CONSUMIBLES COLOR
1102K33NL0;FS-6030MFP;1T02K30NL0;TK-475;CONSUMIBLES B/N
1102K53NL0;TASKalfa 300i;1T02K50NL0;TK-685;CONSUMIBLES B/N
1102K83NL0;FS-C5350DN;1T02HN0EU0;TK-560K;CONSUMIBLES B/N
1102K83NL0;FS-C5350DN;1T02HNAEU0;TK-560Y;CONSUMIBLES COLOR
1102K83NL0;FS-C5350DN;1T02HNBEU0;TK-560M;CONSUMIBLES COLOR
1102K83NL0;FS-C5350DN;1T02HNCEU0;TK-560C;CONSUMIBLES COLOR
1102K93NL0;TASKalfa 7550ci;1T02K90NL0;TK-8705K;CONSUMIBLES B/N
1102K93NL0;TASKalfa 7550ci;1T02K9ANL0;TK-8705Y;CONSUMIBLES COLOR
1102K93NL0;TASKalfa 7550ci;1T02K9BNL0;TK-8705M;CONSUMIBLES COLOR
1102K93NL0;TASKalfa 7550ci;1T02K9CNL0;TK-8705C;CONSUMIBLES COLOR
1102KA3NL0;FS-C8500DN;1T02KA0NL0;TK-880K;CONSUMIBLES B/N
1102KA3NL0;FS-C8500DN;1T02KAANL0;TK-880Y;CONSUMIBLES COLOR
1102KA3NL0;FS-C8500DN;1T02KABNL0;TK-880M;CONSUMIBLES COLOR
1102KA3NL0;FS-C8500DN;1T02KACNL0;TK-880C;CONSUMIBLES COLOR
1102KH3NL0;TASKalfa 221;1T02KH0NL0;TK-435;CONSUMIBLES B/N
1102KJ3NL0;TASKalfa 181;1T02KH0NL0;TK-435;CONSUMIBLES B/N
1102KK3NL0;TASKalfa 220;1T02KH0NL0;TK-435;CONSUMIBLES B/N
1102KL3NL0;TASKalfa 180;1T02KH0NL0;TK-435;CONSUMIBLES B/N
1102KT3NL0;FS-C5150DN;1T02KT0NL0;TK-580K;CONSUMIBLES B/N
1102KT3NL0;FS-C5150DN;1T02KTANL0;TK-580Y;CONSUMIBLES COLOR
1102KT3NL0;FS-C5150DN;1T02KTBNL0;TK-580M;CONSUMIBLES COLOR
1102KT3NL0;FS-C5150DN;1T02KTCNL0;TK-580C;CONSUMIBLES COLOR
1102KV3NL0;FS-C5250DN;1T02KV0NL0;TK-590K;CONSUMIBLES B/N
1102KV3NL0;FS-C5250DN;1T02KVANL0;TK-590Y;CONSUMIBLES COLOR
1102KV3NL0;FS-C5250DN;1T02KVBNL0;TK-590M;CONSUMIBLES COLOR
1102KV3NL0;FS-C5250DN;1T02KVCNL0;TK-590C;CONSUMIBLES COLOR
1102KZ3NL0;FS-C8020MFP;1T02K00NL0;TK-895K;CONSUMIBLES B/N
1102KZ3NL0;FS-C8020MFP;1T02K0ANL0;TK-895Y;CONSUMIBLES COLOR
1102KZ3NL0;FS-C8020MFP;1T02K0BNL0;TK-895M;CONSUMIBLES COLOR
1102KZ3NL0;FS-C8020MFP;1T02K0CNL0;TK-895C;CONSUMIBLES COLOR
1102L03NL0;FS-1370DN;1T02LZ0NL0;TK-170;CONSUMIBLES B/N
1102L13NL0;FS-4200DN;1T02LV0NL0;TK-3130;CONSUMIBLES B/N
1102L23NL1;FS-2100D;1T02MS0NL0;TK-3100;CONSUMIBLES B/N
1102L33NL0;FS-6025MFP;1T02K30NL0;TK-475;CONSUMIBLES B/N
1102L33NL1;FS-6025MFP/B;1T02K30NL0;TK-475;CONSUMIBLES B/N
1102L63NL0;TASKALFA 3051ci;1902LC0UN0;WT-860;CONSUMIBLES B/N
1102L63NL0;TASKALFA 3051ci;1T02LK0NL0;TK-8305K;CONSUMIBLES B/N
1102L63NL0;TASKALFA 3051ci;1T02LK0NLC;TK-8305K;CONSUMIBLES B/N
1102L63NL0;TASKALFA 3051ci;1T02LKANL0;TK-8305Y;CONSUMIBLES COLOR
1102L63NL0;TASKALFA 3051ci;1T02LKBNL0;TK-8305M;CONSUMIBLES COLOR
1102L63NL0;TASKALFA 3051ci;1T02LKCNL0;TK-8305C;CONSUMIBLES COLOR
1102L73NL0;TASKALFA 2552ci;1902ND0UN0;WT-8500;CONSUMIBLES B/N
1102L73NL0;TASKALFA 2552ci;1T02L70NL0;TK-8345K;CONSUMIBLES B/N
1102L73NL0;TASKALFA 2552ci;1T02L7ANL0;TK-8345Y;CONSUMIBLES COLOR
1102L73NL0;TASKALFA 2552ci;1T02L7ANL1;TK-8345Y;CONSUMIBLES COLOR
1102L73NL0;TASKALFA 2552ci;1T02L7BNL0;TK-8345M;CONSUMIBLES COLOR
1102L73NL0;TASKALFA 2552ci;1T02L7BNL1;TK-8345M;CONSUMIBLES COLOR
1102L73NL0;TASKALFA 2552ci;1T02L7CNL0;TK-8345C;CONSUMIBLES COLOR
1102L73NL0;TASKALFA 2552ci;1T02L7CNL1;TK-8345C;CONSUMIBLES COLOR
1102LB3NL0;TASKalfa 6550ci;1T02K90NL0;TK-8705K;CONSUMIBLES B/N
1102LB3NL0;TASKalfa 6550ci;1T02K9ANL0;TK-8705Y;CONSUMIBLES COLOR
1102LB3NL0;TASKalfa 6550ci;1T02K9BNL0;TK-8705M;CONSUMIBLES COLOR
1102LB3NL0;TASKalfa 6550ci;1T02K9CNL0;TK-8705C;CONSUMIBLES COLOR
1102LC3NL0;TASKalfa 5550ci;1902LC0UN0;WT-860;CONSUMIBLES B/N
1102LC3NL0;TASKalfa 5550ci;1T02LC0NL0;TK-8505K;CONSUMIBLES B/N
1102LC3NL0;TASKalfa 5550ci;1T02LCANL0;TK-8505Y;CONSUMIBLES COLOR
1102LC3NL0;TASKalfa 5550ci;1T02LCBNL0;TK-8505M;CONSUMIBLES COLOR
1102LC3NL0;TASKalfa 5550ci;1T02LCCNL0;TK-8505C;CONSUMIBLES COLOR
1102LF3NL0;TASKALFA 8000i;1T02LF0NL0;TK-6705;CONSUMIBLES B/N
1102LG3NL0;TASKaIfa 6500i;1T02LF0NL0;TK-6705;CONSUMIBLES B/N
1102LH3NL0;TASKaIfa 5500i;1902LC0UN0;WT-860;CONSUMIBLES B/N
1102LH3NL0;TASKaIfa 5500i;1T02LH0NL0;TK-6305;CONSUMIBLES B/N
1102LH3NL0;TASKaIfa 5500i;1T02LH0NL1;TK-6305;CONSUMIBLES B/N
1102LJ3NL0;TASKaIfa 4500i;1902LC0UN0;WT-860;CONSUMIBLES B/N
1102LJ3NL0;TASKaIfa 4500i;1T02LH0NL0;TK-6305;CONSUMIBLES B/N
1102LJ3NL0;TASKaIfa 4500i;1T02LH0NL1;TK-6305;CONSUMIBLES B/N
1102LK3NL0;TASKalfa 3050ci;1902LC0UN0;WT-860;CONSUMIBLES B/N
1102LK3NL0;TASKalfa 3050ci;1T02LK0NL0;TK-8305K;CONSUMIBLES B/N
1102LK3NL0;TASKalfa 3050ci;1T02LK0NLC;TK-8305K;CONSUMIBLES B/N
1102LK3NL0;TASKalfa 3050ci;1T02LKANL0;TK-8305Y;CONSUMIBLES COLOR
1102LK3NL0;TASKalfa 3050ci;1T02LKBNL0;TK-8305M;CONSUMIBLES COLOR
1102LK3NL0;TASKalfa 3050ci;1T02LKCNL0;TK-8305C;CONSUMIBLES COLOR
1102LL3NL0;TASKALFA 3500i;1902LC0UN0;WT-860;CONSUMIBLES B/N
1102LL3NL0;TASKALFA 3500i;1T02LH0NL0;TK-6305;CONSUMIBLES B/N
1102LL3NL0;TASKALFA 3500i;1T02LH0NL1;TK-6305;CONSUMIBLES B/N
1102LM3NL0;TASKalfa 4550ci;1902LC0UN0;WT-860;CONSUMIBLES B/N
1102LM3NL0;TASKalfa 4550ci;1T02LC0NL0;TK-8505K;CONSUMIBLES B/N
1102LM3NL0;TASKalfa 4550ci;1T02LCANL0;TK-8505Y;CONSUMIBLES COLOR
1102LM3NL0;TASKalfa 4550ci;1T02LCBNL0;TK-8505M;CONSUMIBLES COLOR
1102LM3NL0;TASKalfa 4550ci;1T02LCCNL0;TK-8505C;CONSUMIBLES COLOR
1102LN3NL0;TASKalfa 3550ci;1902LC0UN0;WT-860;CONSUMIBLES B/N
1102LN3NL0;TASKalfa 3550ci;1T02LK0NL0;TK-8305K;CONSUMIBLES B/N
1102LN3NL0;TASKalfa 3550ci;1T02LK0NLC;TK-8305K;CONSUMIBLES B/N
1102LN3NL0;TASKalfa 3550ci;1T02LKANL0;TK-8305Y;CONSUMIBLES COLOR
1102LN3NL0;TASKalfa 3550ci;1T02LKBNL0;TK-8305M;CONSUMIBLES COLOR
1102LN3NL0;TASKalfa 3550ci;1T02LKCNL0;TK-8305C;CONSUMIBLES COLOR
1102LNY3NL0;FS-1120D;1T02LY0NL0;TK-160;CONSUMIBLES B/N
1102LV3NL0;FS-4300DN;1T02LV0NL0;TK-3130;CONSUMIBLES B/N
1102LY3NL0;FS-1120D;1T02LY0NL0;TK-160;CONSUMIBLES B/N
1102LY3NL0;FS-1120D;1T02LY0NLC;TK-160;CONSUMIBLES B/N
1102LZ3NL0;FS-1320D;1T02LZ0NL0;TK-170;CONSUMIBLES B/N
1102LZ3NL0;FS-1320D;1T02LZ0NLC;TK-170;CONSUMIBLES B/N
1102M23NL0;FS-1041;1T02M50NL0;TK-1115;CONSUMIBLES B/N
1102M23NL0;FS-1041;1T02M50NL1;TK-1115;CONSUMIBLES B/N
1102M23NL1;ECOSYS FS-1041;1T02M50NLV;TK-1115;CONSUMIBLES B/N
1102M33NL0;FS-C2126MFP+;1T02KV0NL0;TK-590K;CONSUMIBLES B/N
1102M33NL0;FS-C2126MFP+;1T02KVANL0;TK-590Y;CONSUMIBLES COLOR
1102M33NL0;FS-C2126MFP+;1T02KVBNL0;TK-590M;CONSUMIBLES COLOR
1102M33NL0;FS-C2126MFP+;1T02KVCNL0;TK-590C;CONSUMIBLES COLOR
1102M33NL2;ECOSYS FS-1061DN;1T02M70NL1;TK-1125;CONSUMIBLES B/N
1102M33NL2;ECOSYS FS-1061DN;1T02M70NLV;TK-1125;CONSUMIBLES B/N
1102M43NL0;FS-1220MFP;1T02M50NLV;TK-1115;CONSUMIBLES B/N
1102M43NLV;FS-1220MFP;1T02M50NLV;TK-1115;CONSUMIBLES B/N
1102M53NL2;ECOSYS FS-1320MFP;1T02M50NL1;TK-1115;CONSUMIBLES B/N
1102M73NL0;FS-1325MFP;1T02M70NL0;TK-1125;CONSUMIBLES B/N
1102M73NL0;FS-1325MFP;1T02M70NL1;TK-1125;CONSUMIBLES B/N
1102M73NL0;FS-1325MFP;1T02M70NLV;TK-1125;CONSUMIBLES B/N
1102M83NL0;FS-C2526MFP;1T02KV0NL0;TK-590K;CONSUMIBLES B/N
1102M83NL0;FS-C2526MFP;1T02KVANL0;TK-590Y;CONSUMIBLES COLOR
1102M83NL0;FS-C2526MFP;1T02KVBNL0;TK-590M;CONSUMIBLES COLOR
1102M83NL0;FS-C2526MFP;1T02KVCNL0;TK-590C;CONSUMIBLES COLOR
1102M93NL0;FS-C2626MFP;1T02KV0NL0;TK-590K;CONSUMIBLES B/N
1102M93NL0;FS-C2626MFP;1T02KVANL0;TK-590Y;CONSUMIBLES COLOR
1102M93NL0;FS-C2626MFP;1T02KVBNL0;TK-590M;CONSUMIBLES COLOR
1102M93NL0;FS-C2626MFP;1T02KVCNL0;TK-590C;CONSUMIBLES COLOR
1102MA3NL0;FS-C2O26MFP+;1T02KV0NL0;TK-590K;CONSUMIBLES B/N
1102MA3NL0;FS-C2O26MFP+;1T02KVANL0;TK-590Y;CONSUMIBLES COLOR
1102MB3NL0;FS-C2126MFP+;1T02KV0NL0;TK-590K;CONSUMIBLES B/N
1102MB3NL0;FS-C2126MFP+;1T02KVANL0;TK-590Y;CONSUMIBLES COLOR
1102MB3NL0;FS-C2126MFP+;1T02KVBNL0;TK-590M;CONSUMIBLES COLOR
1102MB3NL0;FS-C2126MFP+;1T02KVCNL0;TK-590C;CONSUMIBLES COLOR
1102MC3NL0;FS-3540MFP;1T02LX0NL0;TK-350 B;CONSUMIBLES B/N
1102MC3NL0;FS-3540MFP;1T02LX0NLC;TK-350 B;CONSUMIBLES B/N
1102MD3NL0;FS-3640MFP;1T02LX0NL0;TK-350 B;CONSUMIBLES B/N
1102MD3NL0;FS-3640MFP;1T02LX0NLC;TK-350 B;CONSUMIBLES B/N
1102MF3NL0;FS-3040MFP+;1T02LX0NL0;TK-350 B;CONSUMIBLES B/N
1102MF3NL0;FS-3040MFP+;1T02LX0NLC;TK-350 B;CONSUMIBLES B/N
1102MFBNL0;FS-3040MFP+;1T02LX0NL0;TK-350 B;CONSUMIBLES B/N
1102MG3NL0;FS-3140MFP+;1T02LX0NL0;TK-350 B;CONSUMIBLES B/N
1102MG3NL0;FS-3140MFP+;1T02LX0NLC;TK-350 B;CONSUMIBLES B/N
1102MGBNL0;FS-3140MFP+;1T02LX0NL0;TK-350 B;CONSUMIBLES B/N
1102MGBNL0;FS-3140MFP+;1T02LX0NLC;TK-350 B;CONSUMIBLES B/N
1102MH3NL0;FS-1030MFP;1T02MJ0NL0;TK-1130;CONSUMIBLES B/N
1102MJ3ES0;FS-1130MFP;1T02MJ0NL0;TK-1130;CONSUMIBLES B/N
1102MK3ES0;FS-1035MFP;1T02ML0NL0;TK-1140;CONSUMIBLES B/N
1102MK3ES0;FS-1035MFP;1T02ML0NLC;TK-1140;CONSUMIBLES B/N
1102MK3ES0;FS-1035MFP;1T02ML0NLC;TK-1140;CONSUMIBLES B/N
1102ML3ES0;FS-1135MFP;1T02ML0NL0;TK-1140;CONSUMIBLES B/N
1102ML3ES0;FS-1135MFP;1T02ML0NLC;TK-1140;CONSUMIBLES B/N
1102MM33NL0;FS-1061DN;1T02M70NL0;TK-1125;CONSUMIBLES B/N
1102MM33NL0;FS-1061DN;1T02M70NL1;TK-1125;CONSUMIBLES B/N
1102MM33NL0;FS-1061DN;1T02M70NLV;TK-1125;CONSUMIBLES B/N
1102MS3NL0;FS-2100DN;1T02MS0NL0;TK-3100;CONSUMIBLES B/N
1102MS3NL1;ECOSYS FS-2100DN;1T02MS0NL0;TK-3100;CONSUMIBLES B/N
1102MT3NL0;FS-4100DN;1T02MT0NL0;TK-3110;CONSUMIBLES B/N
1102MV3NL0;TASKALFA 2550CI;1T02MV0NL0;TK-8315K;CONSUMIBLES B/N
1102MV3NL0;TASKALFA 2550CI;1T02MVANL0;TK-8315Y;CONSUMIBLES COLOR
1102MV3NL0;TASKALFA 2550CI;1T02MVBNL0;TK-8315M;CONSUMIBLES COLOR
1102MV3NL0;TASKALFA 2550CI;1T02MVCNL0;TK-8315C;CONSUMIBLES COLOR
1102MY3NL1;ECOSYS FS-C8525MFP;1T02K00NL0;TK-895K;CONSUMIBLES B/N
1102MY3NL1;ECOSYS FS-C8525MFP;1T02K0ANL0;TK-895Y;CONSUMIBLES COLOR
1102MY3NL1;ECOSYS FS-C8525MFP;1T02K0BNL0;TK-895M;CONSUMIBLES COLOR
1102MY3NL1;ECOSYS FS-C8525MFP;1T02K0CNL0;TK-895C;CONSUMIBLES COLOR
1102MZ3NL0;FS-C8520MFP;1T02K00NL0;TK-895K;CONSUMIBLES B/N
1102MZ3NL0;FS-C8520MFP;1T02K0ANL0;TK-895Y;CONSUMIBLES COLOR
1102MZ3NL0;FS-C8520MFP;1T02K0BNL0;TK-895M;CONSUMIBLES COLOR
1102MZ3NL0;FS-C8520MFP;1T02K0CNL0;TK-895C;CONSUMIBLES COLOR
1102N23NL0;TASKalfa 7551ci;1T02K90NL0;TK-8705K;CONSUMIBLES B/N
1102N23NL0;TASKalfa 7551ci;1T02K9ANL0;TK-8705Y;CONSUMIBLES COLOR
1102N23NL0;TASKalfa 7551ci;1T02K9BNL0;TK-8705M;CONSUMIBLES COLOR
1102N23NL0;TASKalfa 7551ci;1T02K9CNL0;TK-8705C;CONSUMIBLES COLOR
1102N33NL0;TASKalfa 6551ci;1T02K90NL0;TK-8705K;CONSUMIBLES B/N
1102N33NL0;TASKalfa 6551ci;1T02K9ANL0;TK-8705Y;CONSUMIBLES COLOR
1102N33NL0;TASKalfa 6551ci;1T02K9BNL0;TK-8705M;CONSUMIBLES COLOR
1102N33NL0;TASKalfa 6551ci;1T02K9CNL0;TK-8705C;CONSUMIBLES COLOR
1102N43NL0;TASKALFA 5551CI;1902LC0UN0;WT-860;CONSUMIBLES B/N
1102N43NL0;TASKALFA 5551CI;1T02LC0NL0;TK-8505K;CONSUMIBLES B/N
1102N43NL0;TASKALFA 5551CI;1T02LC0NLC;TK-8505K;CONSUMIBLES B/N
1102N43NL0;TASKALFA 5551CI;1T02LCANL0;TK-8505Y;CONSUMIBLES COLOR
1102N43NL0;TASKALFA 5551CI;1T02LCBNL0;TK-8505M;CONSUMIBLES COLOR
1102N43NL0;TASKALFA 5551CI;1T02LCCNL0;TK-8505C;CONSUMIBLES COLOR
1102N53NL0;TASKALFA 4551ci;1902LC0UN0;WT-860;CONSUMIBLES B/N
1102N53NL0;TASKALFA 4551ci;1T02LC0NL0;TK-8505K;CONSUMIBLES B/N
1102N53NL0;TASKALFA 4551ci;1T02LC0NLC;TK-8505K;CONSUMIBLES B/N
1102N53NL0;TASKALFA 4551ci;1T02LCANL0;TK-8505Y;CONSUMIBLES COLOR
1102N53NL0;TASKALFA 4551ci;1T02LCBNL0;TK-8505M;CONSUMIBLES COLOR
1102N53NL0;TASKALFA 4551ci;1T02LCCNL0;TK-8505C;CONSUMIBLES COLOR
1102N63NL0;TASKALFA 3551CI;1902LC0UN0;WT-860;CONSUMIBLES B/N
1102N63NL0;TASKALFA 3551CI;1T02LK0NLC;TK-8305K;CONSUMIBLES B/N
1102N63NL0;TASKALFA 3551CI;1T02LKANL0;TK-8305Y;CONSUMIBLES COLOR
1102N63NL0;TASKALFA 3551CI;1T02LKBNL0;TK-8305M;CONSUMIBLES COLOR
1102N63NL0;TASKALFA 3551CI;1T02LKCNL0;TK-8305C;CONSUMIBLES COLOR
1102N73NL0;TASKALFA 8001i;1T02LF0NL0;TK-6705;CONSUMIBLES B/N
1102N83NL0;TASKALFA 6501i;1T02LF0NL0;TK-6705;CONSUMIBLES B/N
1102N93NL0;TASKALFA 5501i;1902LC0UN0;WT-860;CONSUMIBLES B/N
1102N93NL0;TASKALFA 5501i;1T02LH0NL1;TK-6305;CONSUMIBLES B/N
1102NA3NL0;TASKALFA 4501i;1902LC0UN0;WT-860;CONSUMIBLES B/N
1102NA3NL0;TASKALFA 4501i;1T02LH0NL0;TK-6305;CONSUMIBLES B/N
1102NA3NL0;TASKALFA 4501i;1T02LH0NL1;TK-6305;CONSUMIBLES B/N
1102NB3NL0;TASKALFA 3501i;1902LC0UN0;WT-860;CONSUMIBLES B/N
1102NB3NL0;TASKALFA 3501i;1T02LH0NL0;TK-6305;CONSUMIBLES B/N
1102NB3NL0;TASKALFA 3501i;1T02LH0NL1;TK-6305;CONSUMIBLES B/N
1102ND3NL0;TASKALFA 6052ci;1902ND0UN0;WT-8500;CONSUMIBLES B/N
1102ND3NL0;TASKALFA 6052ci;1T02ND0NL0;TK-8515K;CONSUMIBLES B/N
1102ND3NL0;TASKALFA 6052ci;1T02NDANL1;TK-8515Y;CONSUMIBLES COLOR
1102ND3NL0;TASKALFA 6052ci;1T02NDBNL1;TK-8515M;CONSUMIBLES COLOR
1102ND3NL0;TASKALFA 6052ci;1T02NDCNL1;TK-8515C;CONSUMIBLES COLOR
1102NJ3NL0;TASKALFA 8002i;1902K90UN0;WT-861;CONSUMIBLES B/N
1102NJ3NL0;TASKALFA 8002i;1T02NJ0NL0;TK-6725;CONSUMIBLES B/N
1102NK3NL0;TASKALFA 6002i;1902ND0UN0;WT-8500;CONSUMIBLES B/N
1102NK3NL0;TASKALFA 6002i;1T02NK0NL0;TK-6325;CONSUMIBLES B/N
1102NL3NL0;TASKALFA 3510i;1T02NL0NL0;TK-7205;CONSUMIBLES B/N
1102NM3NL0;ECOSYS M3550IDN;1T02LV0NL0;TK-3130;CONSUMIBLES B/N
1102NP3NL0;TASKALFA 2551ci;1T02NP0NL0;TK-8325K;CONSUMIBLES B/N
1102NP3NL0;TASKALFA 2551ci;1T02NPANL0;TK-8325Y;CONSUMIBLES COLOR
1102NP3NL0;TASKALFA 2551ci;1T02NPBNL0;TK-8325M;CONSUMIBLES COLOR
1102NP3NL0;TASKALFA 2551ci;1T02NPCNL0;TK-8325C;CONSUMIBLES COLOR
1102NR3NL0;ECOSYS P6130cdn;1T02NR0NL0;TK-5140K;CONSUMIBLES B/N
1102NR3NL0;ECOSYS P6130cdn;1T02NRANL0;TK-5140Y;CONSUMIBLES COLOR
1102NR3NL0;ECOSYS P6130cdn;1T02NRBNL0;TK-5140M;CONSUMIBLES COLOR
1102NR3NL0;ECOSYS P6130cdn;1T02NRCNL0;TK-5140C;CONSUMIBLES COLOR
1102NS3NL0;ECOSYS P6035cdn;1T02NS0NL0;TK-5150K;CONSUMIBLES B/N
1102NS3NL0;ECOSYS P6035cdn;1T02NSANL0;TK-5150Y;CONSUMIBLES COLOR
1102NS3NL0;ECOSYS P6035cdn;1T02NSBNL0;TK-5150M;CONSUMIBLES COLOR
1102NS3NL0;ECOSYS P6035cdn;1T02NSCNL0;TK-5150C;CONSUMIBLES COLOR
1102NT3NL0;ECOSYS P7040cdn;1T02NT0NL0;TK-5160K;CONSUMIBLES B/N
1102NT3NL0;ECOSYS P7040cdn;1T02NTANL0;TK-5160Y;CONSUMIBLES COLOR
1102NT3NL0;ECOSYS P7040cdn;1T02NTBNL0;TK-5160M;CONSUMIBLES COLOR
1102NT3NL0;ECOSYS P7040cdn;1T02NTCNL0;TK-5160C;CONSUMIBLES COLOR
1102NV3NL0;ECOSYS M6030cdn;1T02NR0NL0;TK-5140K;CONSUMIBLES B/N
1102NV3NL0;ECOSYS M6030cdn;1T02NRANL0;TK-5140Y;CONSUMIBLES COLOR
1102NV3NL0;ECOSYS M6030cdn;1T02NRBNL0;TK-5140M;CONSUMIBLES COLOR
1102NV3NL0;ECOSYS M6030cdn;1T02NRCNL0;TK-5140C;CONSUMIBLES COLOR
1102NW3NL0;ECOSYS M6530cdn;1T02NR0NL0;TK-5140K;CONSUMIBLES B/N
1102NW3NL0;ECOSYS M6530cdn;1T02NRANL0;TK-5140Y;CONSUMIBLES COLOR
1102NW3NL0;ECOSYS M6530cdn;1T02NRBNL0;TK-5140M;CONSUMIBLES COLOR
1102NW3NL0;ECOSYS M6530cdn;1T02NRCNL0;TK-5140C;CONSUMIBLES COLOR
1102NX3NL0;ECOSYS M3540idn;1T02NX0NL0;TK-3150;CONSUMIBLES B/N
1102NY3NL0;ECOSYS M3040idn;1T02NX0NL0;TK-3150;CONSUMIBLES B/N
1102NZ3NL0;ECOSYS M3540dn;1T02MS0NL0;TK-3100;CONSUMIBLES B/N
1102P03NL0;ECOSYS M3040dn;1T02MS0NL0;TK-3100;CONSUMIBLES B/N
1102P23NL0;ECOSYS M4125idn;1T02P10NL0;TK-6115;CONSUMIBLES B/N
1102P33NL0;ECOSYS M8130cidn;1T02P30NL0;TK-8115K;CONSUMIBLES B/N
1102P33NL0;ECOSYS M8130cidn;1T02P3ANL0;TK-8115Y;CONSUMIBLES COLOR
1102P33NL0;ECOSYS M8130cidn;1T02P3BNL0;TK-8115M;CONSUMIBLES COLOR
1102P33NL0;ECOSYS M8130cidn;1T02P3CNL0;TK-8115C;CONSUMIBLES COLOR
1102P43NL0;ECOSYS M8124cidn;1T02P30NL0;TK-8115K;CONSUMIBLES B/N
1102P43NL0;ECOSYS M8124cidn;1T02P3ANL0;TK-8115Y;CONSUMIBLES COLOR
1102P43NL0;ECOSYS M8124cidn;1T02P3BNL0;TK-8115M;CONSUMIBLES COLOR
1102P43NL0;ECOSYS M8124cidn;1T02P3CNL0;TK-8115C;CONSUMIBLES COLOR
1102P63NL0;ECOSYS M3560idn;1T02LV0NL0;TK-3130;CONSUMIBLES B/N
1102P73NL0;ECOSYS P4040dn;1T02P70NL0;TK-7300;CONSUMIBLES B/N
1102P83NL0;TASKALFA 3010i;1T02P80NL0;TK-7105;CONSUMIBLES B/N
1102PA3NLO;TASKALFA 265CI;1T02PA0NL0;TK-5135K;CONSUMIBLES B/N
1102PA3NLO;TASKALFA 265CI;1T02PAANL0;TK-5135Y;CONSUMIBLES COLOR
1102PA3NLO;TASKALFA 265CI;1T02PABNL0;TK-5135M;CONSUMIBLES COLOR
1102PA3NLO;TASKALFA 265CI;1T02PACNL0;TK-5135C;CONSUMIBLES COLOR
1102PC3NL0;ECOSYS M6535cidn;1T02NS0NL0;TK-5150K;CONSUMIBLES B/N
1102PC3NL0;ECOSYS M6535cidn;1T02NSANL0;TK-5150Y;CONSUMIBLES COLOR
1102PC3NL0;ECOSYS M6535cidn;1T02NSBNL0;TK-5150M;CONSUMIBLES COLOR
1102PC3NL0;ECOSYS M6535cidn;1T02NSCNL0;TK-5150C;CONSUMIBLES COLOR
1102PG3NL0;ECOSYS P2035D;1T02LY0NL0;TK-160;CONSUMIBLES B/N
1102PJ3NL0;ECOSYS P2135DN;1T02LZ0NL0;TK-170;CONSUMIBLES B/N
1102PJ3NL0;ECOSYS P2135DN;1T02LZ0NLC;TK-170;CONSUMIBLES B/N
1102PL3NL0;ECOSYS M2530dn;1T02MJ0NLC;TK-1130;CONSUMIBLES B/N
1102PM3NL0;ECOSYS M2035DN;1T02ML0NL0;TK-1140;CONSUMIBLES B/N
1102PM3NL0;ECOSYS M2035DN;1T02ML0NLC;TK-1140;CONSUMIBLES B/N
1102PN3NL0;ECOSYS M2535DN;1T02ML0NL0;TK-1140;CONSUMIBLES B/N
1102PN3NL0;ECOSYS M2535DN;1T02ML0NLC;TK-1140;CONSUMIBLES B/N
1102PP3NL0;ECOSYS P6030cdn;1T02HN0EU0;TK-560K;CONSUMIBLES B/N
1102PP3NL0;ECOSYS P6030cdn;1T02HNAEU0;TK-560Y;CONSUMIBLES COLOR
1102PP3NL0;ECOSYS P6030cdn;1T02HNBEU0;TK-560M;CONSUMIBLES COLOR
1102PP3NL0;ECOSYS P6030cdn;1T02HNCEU0;TK-560C;CONSUMIBLES COLOR
1102PR3NL0;ECOSYS P7035cdn;1T02H0BEU0;TK-570M;CONSUMIBLES COLOR
1102PR3NL0;ECOSYS P7035cdn;1T02HG0EU0;TK-570K;CONSUMIBLES B/N
1102PR3NL0;ECOSYS P7035cdn;1T02HGAEU0;TK-570Y;CONSUMIBLES COLOR
1102PR3NL0;ECOSYS P7035cdn;1T02HGBEU0;TK-570M;CONSUMIBLES COLOR
1102PR3NL0;ECOSYS P7035cdn;1T02HGCEU0;TK-570C;CONSUMIBLES COLOR
1102PS3NL0;ECOSYS P6021CDN;1T02KT0NL0;TK-580K;CONSUMIBLES B/N
1102PS3NL0;ECOSYS P6021CDN;1T02KTANL0;TK-580Y;CONSUMIBLES COLOR
1102PS3NL0;ECOSYS P6021CDN;1T02KTBNL0;TK-580M;CONSUMIBLES COLOR
1102PS3NL0;ECOSYS P6021CDN;1T02KTCNL0;TK-580C;CONSUMIBLES COLOR
1102PT3NL0;KYOCERA ECOSYS P6026cdn;1T02KV0NL0;TK-590K;CONSUMIBLES B/N
1102PT3NL0;KYOCERA ECOSYS P6026cdn;1T02KVANL0;TK-590Y;CONSUMIBLES COLOR
1102PT3NL0;KYOCERA ECOSYS P6026cdn;1T02KVBNL0;TK-590M;CONSUMIBLES COLOR
1102PT3NL0;KYOCERA ECOSYS P6026cdn;1T02KVCNL0;TK-590C;CONSUMIBLES COLOR
1102PW3NL0;ECOSYS M6526cdn;1T02KV0NL0;TK-590K;CONSUMIBLES B/N
1102PW3NL0;ECOSYS M6526cdn;1T02KVANL0;TK-590Y;CONSUMIBLES COLOR
1102PW3NL0;ECOSYS M6526cdn;1T02KVBNL0;TK-590M;CONSUMIBLES COLOR
1102PW3NL0;ECOSYS M6526cdn;1T02KVCNL0;TK-590C;CONSUMIBLES COLOR
1102PZ3NL0;TASKALFA 266ci;1T02PA0NL0;TK-5135K;CONSUMIBLES B/N
1102PZ3NL0;TASKALFA 266ci;1T02PAANL0;TK-5135Y;CONSUMIBLES COLOR
1102PZ3NL0;TASKALFA 266ci;1T02PABNL0;TK-5135M;CONSUMIBLES COLOR
1102PZ3NL0;TASKALFA 266ci;1T02PACNL0;TK-5135C;CONSUMIBLES COLOR
1102R43NL0;TASKALFA 306CI;1902R60UN0;WT-5190;CONSUMIBLES B/N
1102R43NL0;TASKALFA 306CI;1T02R40NL0;TK-5195K;CONSUMIBLES B/N
1102R43NL0;TASKALFA 306CI;1T02R4ANL0;TK-5195Y;CONSUMIBLES COLOR
1102R43NL0;TASKALFA 306CI;1T02R4BNL0;TK-5195M;CONSUMIBLES COLOR
1102R43NL0;TASKALFA 306CI;1T02R4CNL0;TK-5195C;CONSUMIBLES COLOR
1102R53NL0;TASKALFA 356ci;1902R60UN0;WT-5190;CONSUMIBLES B/N
1102R53NL0;TASKALFA 356ci;1T02R50NL0;TK-5205K;CONSUMIBLES B/N
1102R53NL0;TASKALFA 356ci;1T02R5ANL0;TK-5205Y;CONSUMIBLES COLOR
1102R53NL0;TASKALFA 356ci;1T02R5BNL0;TK-5205M;CONSUMIBLES COLOR
1102R53NL0;TASKALFA 356ci;1T02R5CNL0;TK-5205C;CONSUMIBLES COLOR
1102R63NL0;TASKALFA 406ci;1902R60UN2;WT-5191 WASTE TONER BOTTLE;CONSUMIBLES B/N
1102R63NL0;TASKALFA 406ci;1T02R60NL0;TK-5215K;CONSUMIBLES B/N
1102R63NL0;TASKALFA 406ci;1T02R6ANL0;TK-5215Y;CONSUMIBLES COLOR
1102R63NL0;TASKALFA 406ci;1T02R6BNL0;TK-5215M;CONSUMIBLES COLOR
1102R63NL0;TASKALFA 406ci;1T02R6CNL0;TK-5215C;CONSUMIBLES COLOR
1102R73NL0;ECOSYS M5526cdw;140TK5240C;TK-5240C;CONSUMIBLES COLOR
1102R73NL0;ECOSYS M5526cdw;140TK5240K;TONER NEGRO TK-5240K;CONSUMIBLES B/N
1102R73NL0;ECOSYS M5526cdw;140TK5240M;TONER MAGENTA TK5240M;CONSUMIBLES COLOR
1102R73NL0;ECOSYS M5526cdw;140TK5240Y;TONER AMARILLO TK-5240Y;CONSUMIBLES COLOR
1102R73NL0;ECOSYS M5526cdw;1T02R70NL0;TK-5240K;CONSUMIBLES B/N
1102R73NL0;ECOSYS M5526cdw;1T02R7ANL0;TK-5240Y;CONSUMIBLES COLOR
1102R73NL0;ECOSYS M5526cdw;1T02R7BNL0;TK-5240M;CONSUMIBLES COLOR
1102R73NL0;ECOSYS M5526cdw;1T02R7CNL0;TK-5240C;CONSUMIBLES COLOR
1102R73NL1;ECOSYS M5526cdw/A;1T02R70NL0;TK-5240K;CONSUMIBLES B/N
1102R73NL1;ECOSYS M5526cdw/A;1T02R7ANL0;TK-5240Y;CONSUMIBLES COLOR
1102R73NL1;ECOSYS M5526cdw/A;1T02R7BNL0;TK-5240M;CONSUMIBLES COLOR
1102R73NL1;ECOSYS M5526cdw/A;1T02R7CNL0;TK-5240C;CONSUMIBLES COLOR
1102R83NL0;ECOSYS M5526cdn;1T02R70NL0;TK-5240K;CONSUMIBLES B/N
1102R83NL0;ECOSYS M5526cdn;1T02R7ANL0;TK-5240Y;CONSUMIBLES COLOR
1102R83NL0;ECOSYS M5526cdn;1T02R7BNL0;TK-5240M;CONSUMIBLES COLOR
1102R83NL0;ECOSYS M5526cdn;1T02R7CNL0;TK-5240C;CONSUMIBLES COLOR
1102R83NL1;ECOSYS M5526cdn/A;1T02R70NL0;TK-5240K;CONSUMIBLES B/N
1102R83NL1;ECOSYS M5526cdn/A;1T02R7ANL0;TK-5240Y;CONSUMIBLES COLOR
1102R83NL1;ECOSYS M5526cdn/A;1T02R7BNL0;TK-5240M;CONSUMIBLES COLOR
1102R83NL1;ECOSYS M5526cdn/A;1T02R7CNL0;TK-5240C;CONSUMIBLES COLOR
1102R93NL0;ECOSYS M5521CDW;1T02R90NL0;TK-5230K;CONSUMIBLES COLOR
1102R93NL0;ECOSYS M5521CDW;1T02R90NL1;TK-5220K;CONSUMIBLES COLOR
1102R93NL0;ECOSYS M5521CDW;1T02R9ANL0;TK-5230Y;CONSUMIBLES COLOR
1102R93NL0;ECOSYS M5521CDW;1T02R9ANL1;TK-5220Y;CONSUMIBLES COLOR
1102R93NL0;ECOSYS M5521CDW;1T02R9BNL0;TK-5230M;CONSUMIBLES COLOR
1102R93NL0;ECOSYS M5521CDW;1T02R9BNL1;TK-5220M;CONSUMIBLES COLOR
1102R93NL0;ECOSYS M5521CDW;1T02R9CNL0;TK-5230C;CONSUMIBLES COLOR
1102R93NL0;ECOSYS M5521CDW;1T02R9CNL1;TK-5220C;CONSUMIBLES COLOR
1102RA3NL0;ECOSYS M5521cdn;1T02R90NL0;TK-5230K;CONSUMIBLES COLOR
1102RA3NL0;ECOSYS M5521cdn;1T02R90NL1;TK-5220K;CONSUMIBLES COLOR
1102RA3NL0;ECOSYS M5521cdn;1T02R9ANL0;TK-5230Y;CONSUMIBLES COLOR
1102RA3NL0;ECOSYS M5521cdn;1T02R9ANL1;TK-5220Y;CONSUMIBLES COLOR
1102RA3NL0;ECOSYS M5521cdn;1T02R9BNL0;TK-5230M;CONSUMIBLES COLOR
1102RA3NL0;ECOSYS M5521cdn;1T02R9BNL1;TK-5220M;CONSUMIBLES COLOR
1102RA3NL0;ECOSYS M5521cdn;1T02R9CNL0;TK-5230C;CONSUMIBLES COLOR
1102RA3NL0;ECOSYS M5521cdn;1T02R9CNL1;TK-5220C;CONSUMIBLES COLOR
1102RB3NL0;ECOSYS P5026cdw;1T02R70NL0;TK-5240K;CONSUMIBLES B/N
1102RB3NL0;ECOSYS P5026cdw;1T02R7ANL0;TK-5240Y;CONSUMIBLES COLOR
1102RB3NL0;ECOSYS P5026cdw;1T02R7BNL0;TK-5240M;CONSUMIBLES COLOR
1102RB3NL0;ECOSYS P5026cdw;1T02R7CNL0;TK-5240C;CONSUMIBLES COLOR
1102RC3NL0;ECOSYS P5026cdn;1T02R70NL0;TK-5240K;CONSUMIBLES B/N
1102RC3NL0;ECOSYS P5026cdn;1T02R7ANL0;TK-5240Y;CONSUMIBLES COLOR
1102RC3NL0;ECOSYS P5026cdn;1T02R7BNL0;TK-5240M;CONSUMIBLES COLOR
1102RC3NL0;ECOSYS P5026cdn;1T02R7CNL0;TK-5240C;CONSUMIBLES COLOR
1102RD3NL0;ECOSYS P5021cdw;1T02R90NL0;TK-5230K;CONSUMIBLES COLOR
1102RD3NL0;ECOSYS P5021cdw;1T02R90NL1;TK-5220K;CONSUMIBLES COLOR
1102RD3NL0;ECOSYS P5021cdw;1T02R9ANL0;TK-5230Y;CONSUMIBLES COLOR
1102RD3NL0;ECOSYS P5021cdw;1T02R9ANL1;TK-5220Y;CONSUMIBLES COLOR
1102RD3NL0;ECOSYS P5021cdw;1T02R9BNL0;TK-5230M;CONSUMIBLES COLOR
1102RD3NL0;ECOSYS P5021cdw;1T02R9BNL1;TK-5220M;CONSUMIBLES COLOR
1102RD3NL0;ECOSYS P5021cdw;1T02R9CNL0;TK-5230C;CONSUMIBLES COLOR
1102RD3NL0;ECOSYS P5021cdw;1T02R9CNL1;TK-5220C;CONSUMIBLES COLOR
1102RF3NL0;ECOSYS P5021cdn;1T02R90NL0;TK-5230K;CONSUMIBLES COLOR
1102RF3NL0;ECOSYS P5021cdn;1T02R90NL1;TK-5220K;CONSUMIBLES COLOR
1102RF3NL0;ECOSYS P5021cdn;1T02R9ANL0;TK-5230Y;CONSUMIBLES COLOR
1102RF3NL0;ECOSYS P5021cdn;1T02R9ANL1;TK-5220Y;CONSUMIBLES COLOR
1102RF3NL0;ECOSYS P5021cdn;1T02R9BNL0;TK-5230M;CONSUMIBLES COLOR
1102RF3NL0;ECOSYS P5021cdn;1T02R9BNL1;TK-5220M;CONSUMIBLES COLOR
1102RF3NL0;ECOSYS P5021cdn;1T02R9CNL0;TK-5230C;CONSUMIBLES COLOR
1102RF3NL0;ECOSYS P5021cdn;1T02R9CNL1;TK-5220C;CONSUMIBLES COLOR
1102RG3NL0;TASKalfa 3011i;1T02P80NL0;TK-7105;CONSUMIBLES B/N
1102RH3NL0;TASKALFA 3511i;1T02NL0NL0;TK-7205;CONSUMIBLES B/N
1102RJ3NL0;TASKalfa 5002i;1902ND0UN0;WT-8500;CONSUMIBLES B/N
1102RJ3NL0;TASKalfa 5002i;1T02NK0NL0;TK-6325;CONSUMIBLES B/N
1102RK3NL0;TASKALFA 7002i;1902K90UN0;WT-861;CONSUMIBLES B/N
1102RK3NL0;TASKALFA 7002i;1T02NJ0NL0;TK-6725;CONSUMIBLES B/N
1102RL3NL0;TASKALFA 3252ci;1902ND0UN0;WT-8500;CONSUMIBLES B/N
1102RL3NL0;TASKALFA 3252ci;1T02RL0NL0;TK-8335K;CONSUMIBLES B/N
1102RL3NL0;TASKALFA 3252ci;1T02RLANL0;TK-8335Y;CONSUMIBLES COLOR
1102RL3NL0;TASKALFA 3252ci;1T02RLANL1;TK-8335Y;CONSUMIBLES COLOR
1102RL3NL0;TASKALFA 3252ci;1T02RLBNL0;TK-8335M;CONSUMIBLES COLOR
1102RL3NL0;TASKALFA 3252ci;1T02RLBNL1;TK-8335M;CONSUMIBLES COLOR
1102RL3NL0;TASKALFA 3252ci;1T02RLCNL0;TK-8335C;CONSUMIBLES COLOR
1102RL3NL0;TASKALFA 3252ci;1T02RLCNL1;TK-8335C;CONSUMIBLES COLOR
1102RM3NL0;TASKALFA 4052CI;1902ND0UN0;WT-8500;CONSUMIBLES B/N
1102RM3NL0;TASKALFA 4052CI;1T02RM0NL0;TK-8525K;CONSUMIBLES B/N
1102RM3NL0;TASKALFA 4052CI;1T02RMANL1;TK-8525Y;CONSUMIBLES COLOR
1102RM3NL0;TASKALFA 4052CI;1T02RMBNL1;TK-8525M;CONSUMIBLES COLOR
1102RM3NL0;TASKALFA 4052CI;1T02RMCNL1;TK-8525C;CONSUMIBLES COLOR
1102RN3NL0;TASKalfa 5052ci;1902ND0UN0;WT-8500;CONSUMIBLES B/N
1102RN3NL0;TASKalfa 5052ci;1T02ND0NL0;TK-8515K;CONSUMIBLES B/N
1102RN3NL0;TASKalfa 5052ci;1T02NDANL0;TK-8515Y;CONSUMIBLES COLOR
1102RN3NL0;TASKalfa 5052ci;1T02NDANL1;TK-8515Y;CONSUMIBLES COLOR
1102RN3NL0;TASKalfa 5052ci;1T02NDBNL0;TK-8515M;CONSUMIBLES COLOR
1102RN3NL0;TASKalfa 5052ci;1T02NDBNL1;TK-8515M;CONSUMIBLES COLOR
1102RN3NL0;TASKalfa 5052ci;1T02NDCNL0;TK-8515C;CONSUMIBLES COLOR
1102RN3NL0;TASKalfa 5052ci;1T02NDCNL1;TK-8515C;CONSUMIBLES COLOR
1102RV3NL0;ECOSYS P2235dn;1T02RV0NL0;TK-1150;CONSUMIBLES B/N
1102RW3NL0;ECOSYS P2235dw;1T02RV0NL0;TK-1150;CONSUMIBLES B/N
1102RX3NL0;ECOSYS P2040DN;1T02RY0NL0;TK-1160;CONSUMIBLES B/N
1102RY3NL0;ECOSYS P2040dw;1T02RY0NL0;TK-1160;CONSUMIBLES B/N
1102S03NL0;ECOSYS M2135dn;1T02RV0NL0;TK-1150;CONSUMIBLES B/N
1102S13NL0;ECOSYS M2635dn;1T02RV0NL0;TK-1150;CONSUMIBLES B/N
1102S33NL0;ECOSYS M2040dn;1T02S50NL0;TK-1170;CONSUMIBLES B/N
1102S53NL0;ECOSYS M2640idw;1T02S50NL0;TK-1170;CONSUMIBLES B/N
1102SA3NL0;TASKALFA 4002i;1902ND0UN0;WT-8500;CONSUMIBLES B/N
1102SA3NL0;TASKALFA 4002i;1T02NK0NL0;TK-6325;CONSUMIBLES B/N
1102SG3NL0;ECOSYS M2735dw;1T02RV0NL0;TK-1150;CONSUMIBLES B/N
1102SH3NL0;ECOSYS M2540dn;1T02S50NL0;TK-1170;CONSUMIBLES B/N
1102SZ3NL0;TASKALFA 307ci;1902R60UN0;WT-5190;CONSUMIBLES B/N
1102SZ3NL0;TASKALFA 307ci;1T02R40NL0;TK-5195K;CONSUMIBLES B/N
1102SZ3NL0;TASKALFA 307ci;1T02R4ANL0;TK-5195Y;CONSUMIBLES COLOR
1102SZ3NL0;TASKALFA 307ci;1T02R4BNL0;TK-5195M;CONSUMIBLES COLOR
1102SZ3NL0;TASKALFA 307ci;1T02R4CNL0;TK-5195C;CONSUMIBLES COLOR
1102T63NL0;ECOSYS P3060dn;1T02T60NL1;TK-3190;CONSUMIBLES B/N
1102T63NL0;ECOSYS P3060dn;1T02T60NLC;TK-3190;CONSUMIBLES B/N
1102T73NL0;ECOSYS P3055dn;1T02T60NL0;TK-3190;CONSUMIBLES B/N
1102T73NL0;ECOSYS P3055dn;1T02T60NL1;TK-3190;CONSUMIBLES B/N
1102T73NL0;ECOSYS P3055dn;1T02T60NLC;TK-3190;CONSUMIBLES B/N
1102T83NL0;ECOSYS P3050dn;1T02T80NL0;TK-3170;CONSUMIBLES B/N
1102T83NL0;ECOSYS P3050dn;1T02T80NL1;TK-3170;CONSUMIBLES B/N
1102T93NL0;ECOSYS P3045DN;1T02T90NL0;TK-3160;CONSUMIBLES B/N
1102T93NL0;ECOSYS P3045DN;1T02T90NL1;TK-3160;CONSUMIBLES B/N
1102T93NL0;ECOSYS P3045DN;1T02T90NLC;TK-3160;CONSUMIBLES B/N
1102TA3NL0;ECOSYS M3660idn;1T02T60NL0;TK-3190;CONSUMIBLES B/N
1102TA3NL0;ECOSYS M3660idn;1T02T60NL1;TK-3190;CONSUMIBLES B/N
1102TA3NL0;ECOSYS M3660idn;1T02T60NLC;TK-3190;CONSUMIBLES B/N
1102TB3NL0;ECOSYS M3655idn;1T02T60NL0;TK-3190;CONSUMIBLES B/N
1102TB3NL0;ECOSYS M3655idn;1T02T60NL1;TK-3190;CONSUMIBLES B/N
1102TB3NL0;ECOSYS M3655idn;1T02T60NLC;TK-3190;CONSUMIBLES B/N
1102TB3NL1;ECOSYS M3655idn/A;1T02T60NL1;TK-3190;CONSUMIBLES B/N
1102TB3NL1;ECOSYS M3655idn/A;1T02T60NLC;TK-3190;CONSUMIBLES B/N
1102TF3NL0;ECOSYS M3145dn;1T02T90NL0;TK-3160;CONSUMIBLES B/N
1102TF3NL0;ECOSYS M3145dn;1T02T90NL1;TK-3160;CONSUMIBLES B/N
1102TF3NL0;ECOSYS M3145dn;1T02T90NLC;TK-3160;CONSUMIBLES B/N
1102TG3NL0;ECOSYS M3645dn;1T02T90NL0;TK-3160;CONSUMIBLES B/N
1102TG3NL0;ECOSYS M3645dn;1T02T90NL1;TK-3160;CONSUMIBLES B/N
1102TG3NL0;ECOSYS M3645dn;1T02T90NLC;TK-3160;CONSUMIBLES B/N
1102TG3NL0;ECOSYS M3645dn;1T02V30NL0;TK-3060;CONSUMIBLES B/N
1102TG3NL0;ECOSYS M3645dn;1T02V30NLC;TK-3060;CONSUMIBLES B/N
1102TJ3NL0;TASKalfa Pro 15000c;1L02TJ0NL2;IK-7125K;CONSUMIBLES COLOR
1102TJ3NL0;TASKalfa Pro 15000c;1L02TJANL2;IK-7125Y;CONSUMIBLES COLOR
1102TJ3NL0;TASKalfa Pro 15000c;1L02TJBNL2;IK-7125M;CONSUMIBLES COLOR
1102TJ3NL0;TASKalfa Pro 15000c;1L02TJCNL2;IK-7125C;CONSUMIBLES COLOR
1102TJ3NL0;TASKalfa Pro 15000c;302TJ93B31;PARTS CLEANING TANK UNIT EU SP;CONSUMIBLES COLOR
1102TJ3NL0;TASKalfa Pro 15000c;302TJ93B32;PARTS CLEANING TANK UNIT EU SP;CONSUMIBLES COLOR
1102TJ3NL0;TASKalfa Pro 15000c;302TJ93B33;PARTS CLEANING TANK UNIT EU SP;CONSUMIBLES COLOR
1102TJ3NL0;TASKalfa Pro 15000c;302TJ94531;PARTS WASTE INK CONTAINER SET SP;CONSUMIBLES COLOR
1102TJ3NL0;TASKalfa Pro 15000c;302TJ94532;PARTS WASTE INK CONTAINER SET SP;CONSUMIBLES COLOR
1102TR3NL0;ECOSYS P3155dn;1T02T60NL1;TK-3190;CONSUMIBLES B/N
1102TR3NL0;ECOSYS P3155dn;1T02T60NLC;TK-3190;CONSUMIBLES B/N
1102TS3NL0;ECOSYS P3150dn;1T02T80NL1;TK-3170;CONSUMIBLES B/N
1102TS3NL0;ECOSYS P3150dn;1T02T80NLC;TK-3170;CONSUMIBLES B/N
1102TT3NL0;ECOSYS P3145dn;1T02T90NL0;TK-3160;CONSUMIBLES B/N
1102TT3NL0;ECOSYS P3145dn;1T02T90NL1;TK-3160;CONSUMIBLES B/N
1102TT3NL0;ECOSYS P3145dn;1T02T90NLC;TK-3160;CONSUMIBLES B/N
1102TV3NL0;ECOSYS P6230cdn;1T02TV0NL0;TK-5270K;CONSUMIBLES B/N
1102TV3NL0;ECOSYS P6230cdn;1T02TVANL0;TK-5270Y;CONSUMIBLES COLOR
1102TV3NL0;ECOSYS P6230cdn;1T02TVBNL0;TK-5270M;CONSUMIBLES COLOR
1102TV3NL0;ECOSYS P6230cdn;1T02TVCNL0;TK-5270C;CONSUMIBLES COLOR
1102TW3NL1;ECOSYS P6235cdn;1T02TW0NL0;TK-5280K;CONSUMIBLES B/N
1102TW3NL1;ECOSYS P6235cdn;1T02TWANL0;TK-5280Y;CONSUMIBLES COLOR
1102TW3NL1;ECOSYS P6235cdn;1T02TWCNL0;TK-5280C;CONSUMIBLES COLOR
1102TX3NL0;ECOSYS P7240cdn;1T02TX0NL0;TK-5290K;CONSUMIBLES COLOR
1102TX3NL0;ECOSYS P7240cdn;1T02TXANL0;TK-5290Y;CONSUMIBLES COLOR
1102TX3NL0;ECOSYS P7240cdn;1T02TXBNL0;TK-5290M;CONSUMIBLES COLOR
1102TX3NL0;ECOSYS P7240cdn;1T02TXCNL0;TK-5290C;CONSUMIBLES COLOR
1102TX3NL1;ECOSYS P7240cdn;1T02TX0NL0;TK-5290K;CONSUMIBLES COLOR
1102TX3NL1;ECOSYS P7240cdn;1T02TXANL0;TK-5290Y;CONSUMIBLES COLOR
1102TX3NL1;ECOSYS P7240cdn;1T02TXBNL0;TK-5290M;CONSUMIBLES COLOR
1102TX3NL1;ECOSYS P7240cdn;1T02TXCNL0;TK-5290C;CONSUMIBLES COLOR
1102TY3NL1;ECOSYS M6230cidn;1T02TV0NL0;TK-5270K;CONSUMIBLES B/N
1102TY3NL1;ECOSYS M6230cidn;1T02TVANL0;TK-5270Y;CONSUMIBLES COLOR
1102TY3NL1;ECOSYS M6230cidn;1T02TVBNL0;TK-5270M;CONSUMIBLES COLOR
1102TY3NL1;ECOSYS M6230cidn;1T02TVCNL0;TK-5270C;CONSUMIBLES COLOR
1102TZ3NL0;ECOSYS M6630cidn;1T02TV0NL0;TK-5270K;CONSUMIBLES B/N
1102TZ3NL0;ECOSYS M6630cidn;1T02TVANL0;TK-5270Y;CONSUMIBLES COLOR
1102TZ3NL0;ECOSYS M6630cidn;1T02TVBNL0;TK-5270M;CONSUMIBLES COLOR
1102TZ3NL0;ECOSYS M6630cidn;1T02TVCNL0;TK-5270C;CONSUMIBLES COLOR
1102V13NL0;ECOSYS M6635cidn;1T02TW0NL0;TK-5280K;CONSUMIBLES B/N
1102V13NL0;ECOSYS M6635cidn;1T02TWANL0;TK-5280Y;CONSUMIBLES COLOR
1102V13NL0;ECOSYS M6635cidn;1T02TWCNL0;TK-5280C;CONSUMIBLES COLOR
1102V13NL0;ECOSYS M6635cidn;TK-5280M;TK-5280M;CONSUMIBLES COLOR
1102V13NL1;ECOSYS P6235CDN;1T02TW0NL0;TK-5280K;CONSUMIBLES B/N
1102V13NL1;ECOSYS P6235CDN;1T02TWANL0;TK-5280Y;CONSUMIBLES COLOR
1102V13NL1;ECOSYS P6235CDN;1T02TWCNL0;TK-5280C;CONSUMIBLES COLOR
1102V23NL0;ECOSYS M3145idn;1T02V30NL0;TK-3060;CONSUMIBLES B/N
1102V23NL0;ECOSYS M3145idn;1T02V30NLC;TK-3060;CONSUMIBLES B/N
1102V33NL0;ECOSYS M3645idn;1T02V30NL0;TK-3060;CONSUMIBLES B/N
1102V33NL0;ECOSYS M3645idn;1T02V30NLC;TK-3060;CONSUMIBLES B/N
1102V43NL0;TASKalfa 358ci;1902R60UN0;WT-5190;CONSUMIBLES B/N
1102V43NL0;TASKalfa 358ci;1T02R50NL0;TK-5205K;CONSUMIBLES B/N
1102V43NL0;TASKalfa 358ci;1T02R5ANL0;TK-5205Y;CONSUMIBLES COLOR
1102V43NL0;TASKalfa 358ci;1T02R5BNL0;TK-5205M;CONSUMIBLES COLOR
1102V43NL0;TASKalfa 358ci;1T02R5CNL0;TK-5205C;CONSUMIBLES COLOR
1102V53NL0;TASKalfa 408ci;1902R60UN2;WT-5191 WASTE TONER BOTTLE;CONSUMIBLES B/N
1102V53NL0;TASKalfa 408ci;1T02WH0NL0;TK-5315K;CONSUMIBLES B/N
1102V53NL0;TASKalfa 408ci;1T02WHANL0;TK-5315Y;CONSUMIBLES COLOR
1102V53NL0;TASKalfa 408ci;1T02WHBNL0;TK-5315M;CONSUMIBLES COLOR
1102V53NL0;TASKalfa 408ci;1T02WHCNL0;TK-5315C;CONSUMIBLES COLOR
1102V63NL0;TASKALFA 4012i;1T02V60NL0;TK-7225;CONSUMIBLES B/N
1102V73NL0;TASKALFA 3212i;1T02V70NL0;TK-7125;CONSUMIBLES B/N
1102V83NL0;TASKalfa 6053ci;1902ND0UN0;WT-8500;CONSUMIBLES B/N
1102V83NL0;TASKalfa 6053ci;1T02ND0NL0;TK-8515K;CONSUMIBLES B/N
1102V83NL0;TASKalfa 6053ci;1T02NDANL1;TK-8515Y;CONSUMIBLES COLOR
1102V83NL0;TASKalfa 6053ci;1T02NDBNL1;TK-8515M;CONSUMIBLES COLOR
1102V83NL0;TASKalfa 6053ci;1T02NDCNL1;TK-8515C;CONSUMIBLES COLOR
1102VD3NL0;TASKalfa 5053ci;1902ND0UN0;WT-8500;CONSUMIBLES B/N
1102VD3NL0;TASKalfa 5053ci;1T02ND0NL0;TK-8515K;CONSUMIBLES B/N
1102VD3NL0;TASKalfa 5053ci;1T02NDANL0;TK-8515Y;CONSUMIBLES COLOR
1102VD3NL0;TASKalfa 5053ci;1T02NDANL1;TK-8515Y;CONSUMIBLES COLOR
1102VD3NL0;TASKalfa 5053ci;1T02NDBNL0;TK-8515M;CONSUMIBLES COLOR
1102VD3NL0;TASKalfa 5053ci;1T02NDBNL1;TK-8515M;CONSUMIBLES COLOR
1102VD3NL0;TASKalfa 5053ci;1T02NDCNL0;TK-8515C;CONSUMIBLES COLOR
1102VD3NL0;TASKalfa 5053ci;1T02NDCNL1;TK-8515C;CONSUMIBLES COLOR
1102VF3NL0;TASKALFA 4053ci;1902ND0UN0;WT-8500;CONSUMIBLES B/N
1102VF3NL0;TASKALFA 4053ci;1T02RM0NL0;TK-8525K;CONSUMIBLES B/N
1102VF3NL0;TASKALFA 4053ci;1T02RMANL1;TK-8525Y;CONSUMIBLES COLOR
1102VF3NL0;TASKALFA 4053ci;1T02RMBNL1;TK-8525M;CONSUMIBLES COLOR
1102VF3NL0;TASKALFA 4053ci;1T02RMCNL1;TK-8525C;CONSUMIBLES COLOR
1102VG3NL0;TASKalfa 3253ci;1902ND0UN0;WT-8500;CONSUMIBLES B/N
1102VG3NL0;TASKalfa 3253ci;1T02RL0NL0;TK-8335K;CONSUMIBLES B/N
1102VG3NL0;TASKalfa 3253ci;1T02RLANL1;TK-8335Y;CONSUMIBLES COLOR
1102VG3NL0;TASKalfa 3253ci;1T02RLBNL1;TK-8335M;CONSUMIBLES COLOR
1102VG3NL0;TASKalfa 3253ci;1T02RLCNL1;TK-8335C;CONSUMIBLES COLOR
1102VH3NL0;TASKALFA 2553ci;1902ND0UN0;WT-8500;CONSUMIBLES B/N
1102VH3NL0;TASKALFA 2553ci;1T02L70NL0;TK-8345K;CONSUMIBLES B/N
1102VH3NL0;TASKALFA 2553ci;1T02L7ANL1;TK-8345Y;CONSUMIBLES COLOR
1102VH3NL0;TASKALFA 2553ci;1T02L7BNL1;TK-8345M;CONSUMIBLES COLOR
1102VH3NL0;TASKALFA 2553ci;1T02L7CNL1;TK-8345C;CONSUMIBLES COLOR
1102VL3NL0;TasKalfa 5003i;1902ND0UN0;WT-8500;CONSUMIBLES B/N
1102VL3NL0;TasKalfa 5003i;1T02NK0NL0;TK-6325;CONSUMIBLES B/N
1102VM3NL0;TASKALFA 350ci;1T02VM0NL0;TK-5305K;CONSUMIBLES B/N
1102VM3NL0;TASKALFA 350ci;1T02VMANL0;TK-5305Y;CONSUMIBLES COLOR
1102VM3NL0;TASKALFA 350ci;1T02VMBNL0;TK-5305M;CONSUMIBLES COLOR
1102VM3NL0;TASKALFA 350ci;1T02VMCNL0;TK-5305C;CONSUMIBLES COLOR
1102VW3NL0;TASKALFA 351ci;1T02VM0NL0;TK-5305K;CONSUMIBLES B/N
1102VW3NL0;TASKALFA 351ci;1T02VMANL0;TK-5305Y;CONSUMIBLES COLOR
1102VW3NL0;TASKALFA 351ci;1T02VMBNL0;TK-5305M;CONSUMIBLES COLOR
1102VW3NL0;TASKALFA 351ci;1T02VMCNL0;TK-5305C;CONSUMIBLES COLOR
1102WA3NL0;TASKALFA 9002i;1902K90UN0;WT-861;CONSUMIBLES B/N
1102WA3NL0;TASKALFA 9002i;1T02NJ0NL0;TK-6725;CONSUMIBLES B/N
1102WF3NL0;ECOSYS M3860idnf;1T02T60NL1;TK-3190;CONSUMIBLES B/N
1102WF3NL0;ECOSYS M3860idnf;1T02T60NLC;TK-3190;CONSUMIBLES B/N
1102WF3NL0;ECOSYS M3860idnf;1T02X90NL0;TK-3200;CONSUMIBLES B/N
1102WH3NL0;TASKalfa 508ci;1902R60UN2;WT-5191 WASTE TONER BOTTLE;CONSUMIBLES B/N
1102WH3NL0;TASKalfa 508ci;1T02WH0NL0;TK-5315K;CONSUMIBLES B/N
1102WH3NL0;TASKalfa 508ci;1T02WHANL0;TK-5315Y;CONSUMIBLES COLOR
1102WH3NL0;TASKalfa 508ci;1T02WHBNL0;TK-5315M;CONSUMIBLES COLOR
1102WH3NL0;TASKalfa 508ci;1T02WHCNL0;TK-5315C;CONSUMIBLES COLOR
1102WL3NL0;TASKalfa 308ci;1902R60UN0;WT-5190;CONSUMIBLES B/N
1102WL3NL0;TASKalfa 308ci;1T02R40NL0;TK-5195K;CONSUMIBLES B/N
1102WL3NL0;TASKalfa 308ci;1T02R4ANL0;TK-5195Y;CONSUMIBLES COLOR
1102WL3NL0;TASKalfa 308ci;1T02R4BNL0;TK-5195M;CONSUMIBLES COLOR
1102WL3NL0;TASKalfa 308ci;1T02R4CNL0;TK-5195C;CONSUMIBLES COLOR
1102X93NL0;ECOSYS M3860idn;1T02T60NL1;TK-3190;CONSUMIBLES B/N
1102X93NL0;ECOSYS M3860idn;1T02T60NLC;TK-3190;CONSUMIBLES B/N
1102X93NL0;ECOSYS M3860idn;1T02X90NL0;TK-3200;CONSUMIBLES B/N
1102XC3NL0;TASKalfa 7054ci;1902ND0UN0;WT-8500;CONSUMIBLES B/N
1102XC3NL0;TASKalfa 7054ci;1T02XC0NL0;TK-8555K;CONSUMIBLES B/N
1102XC3NL0;TASKalfa 7054ci;1T02XCANL0;TK-8555Y;CONSUMIBLES COLOR
1102XC3NL0;TASKalfa 7054ci;1T02XCBNL0;TK-8555M;CONSUMIBLES COLOR
1102XC3NL0;TASKalfa 7054ci;1T02XCCNL0;TK-8555C;CONSUMIBLES COLOR
1102XD3NL0;TASKalfa 3554ci;1902ND0UN0;WT-8500;CONSUMIBLES B/N
1102XD3NL0;TASKalfa 3554ci;1T02XD0NL0;TK-8375K;CONSUMIBLES COLOR
1102XD3NL0;TASKalfa 3554ci;1T02XDANL0;TK-8375Y;CONSUMIBLES COLOR
1102XD3NL0;TASKalfa 3554ci;1T02XDBNL0;TK-8375M;CONSUMIBLES COLOR
1102XD3NL0;TASKalfa 3554ci;1T02XDCNL0;TK-8375C;CONSUMIBLES COLOR
1102XF3NL0;TASKalfa 7004i;1902ND0UN0;WT-8500;CONSUMIBLES B/N
1102XF3NL0;TASKalfa 7004i;1T02XF0NL0;TK-6345;CONSUMIBLES B/N
1102XN3NL0;TASKalfa 8353ci;1902K90UN0;WT-861;CONSUMIBLES B/N
1102XN3NL0;TASKalfa 8353ci;1T02XN0NL0;TK-8735K;CONSUMIBLES B/N
1102XN3NL0;TASKalfa 8353ci;1T02XNANL0;TK-8735Y;CONSUMIBLES COLOR
1102XN3NL0;TASKalfa 8353ci;1T02XNBNL0;TK-8735M;CONSUMIBLES COLOR
1102XN3NL0;TASKalfa 8353ci;1T02XNCNL0;TK-8735C;CONSUMIBLES COLOR
1102XT3NL0;TASKalfa 9003i;1902K90UN0;WT-861;CONSUMIBLES B/N
1102XT3NL0;TASKalfa 9003i;1T02NJ0NL0;TK-6725;CONSUMIBLES B/N
1102XV3NL0;TASKalfa 8003i;1902K90UN0;WT-861;CONSUMIBLES B/N
1102XV3NL0;TASKalfa 8003i;1T02NJ0NL0;TK-6725;CONSUMIBLES B/N
1102XW3NL0;TASKalfa 7003i;1902K90UN0;WT-861;CONSUMIBLES B/N
1102XW3NL0;TASKalfa 7003i;1T02NJ0NL0;TK-6725;CONSUMIBLES B/N
1102Y43NL0;ECOSYS P4140dn;1T02Y40NL0;TK-7310;CONSUMIBLES B/N
1102Y73NL0;PA2001;1T02Y80NL0;TK-1248;CONSUMIBLES B/N
1102YJ3NL0;ECOSYS PA3500cx;1T02YJ0NL0;TK-5370K;CONSUMIBLES B/N
1102YJ3NL0;ECOSYS PA3500cx;1T02YJANL0;TK-5370Y;CONSUMIBLES COLOR
1102YJ3NL0;ECOSYS PA3500cx;1T02YJBNL0;TK-5370M;CONSUMIBLES COLOR
1102YJ3NL0;ECOSYS PA3500cx;1T02YJCNL0;TK-5370C;CONSUMIBLES COLOR
1102YK3NL0;ECOSYS MA3500cix;1T02YJ0NL0;TK-5370K;CONSUMIBLES B/N
1102YK3NL0;ECOSYS MA3500cix;1T02YJANL0;TK-5370Y;CONSUMIBLES COLOR
1102YK3NL0;ECOSYS MA3500cix;1T02YJBNL0;TK-5370M;CONSUMIBLES COLOR
1102YK3NL0;ECOSYS MA3500cix;1T02YJCNL0;TK-5370C;CONSUMIBLES COLOR
1102YL3NL0;TASKalfa 6054ci;1902ND0UN0;WT-8500;CONSUMIBLES B/N
1102YL3NL0;TASKalfa 6054ci;1T02XC0NL0;TK-8555K;CONSUMIBLES B/N
1102YL3NL0;TASKalfa 6054ci;1T02XCANL0;TK-8555Y;CONSUMIBLES COLOR
1102YL3NL0;TASKalfa 6054ci;1T02XCBNL0;TK-8555M;CONSUMIBLES COLOR
1102YL3NL0;TASKalfa 6054ci;1T02XCCNL0;TK-8555C;CONSUMIBLES COLOR
1102YM3NL0;TASKalfa 5054ci;1902ND0UN0;WT-8500;CONSUMIBLES B/N
1102YM3NL0;TASKalfa 5054ci;1T02XC0NL0;TK-8555K;CONSUMIBLES B/N
1102YM3NL0;TASKalfa 5054ci;1T02XCANL0;TK-8555Y;CONSUMIBLES COLOR
1102YM3NL0;TASKalfa 5054ci;1T02XCBNL0;TK-8555M;CONSUMIBLES COLOR
1102YM3NL0;TASKalfa 5054ci;1T02XCCNL0;TK-8555C;CONSUMIBLES COLOR
1102YN3NL0;TASKalfa 4054ci;1902ND0UN0;WT-8500;CONSUMIBLES B/N
1102YN3NL0;TASKalfa 4054ci;1T02YM0NL0;TK-8545K;CONSUMIBLES B/N
1102YN3NL0;TASKalfa 4054ci;1T02YMANL0;TK-8545Y;CONSUMIBLES COLOR
1102YN3NL0;TASKalfa 4054ci;1T02YMBNL0;TK-8545M;CONSUMIBLES COLOR
1102YN3NL0;TASKalfa 4054ci;1T02YMCNL0;TK-8545C;CONSUMIBLES COLOR
1102YP3NL0;TASKalfa 2554ci;1902ND0UN0;WT-8500;CONSUMIBLES B/N
1102YP3NL0;TASKalfa 2554ci;1T02YP0NL0;TK-8365K;CONSUMIBLES B/N
1102YP3NL0;TASKalfa 2554ci;1T02YPANL0;TK-8365Y;CONSUMIBLES COLOR
1102YP3NL0;TASKalfa 2554ci;1T02YPBNL0;TK-8365M;CONSUMIBLES COLOR
1102YP3NL0;TASKalfa 2554ci;1T02YPCNL0;TK-8365C;CONSUMIBLES COLOR
1102YP3NLV;TASKalfa 2554ci;1902ND0UN0;WT-8500;CONSUMIBLES B/N
1102YP3NLV;TASKalfa 2554ci;1T02YP0NL0;TK-8365K;CONSUMIBLES B/N
1102YP3NLV;TASKalfa 2554ci;1T02YPANL0;TK-8365Y;CONSUMIBLES COLOR
1102YP3NLV;TASKalfa 2554ci;1T02YPBNL0;TK-8365M;CONSUMIBLES COLOR
1102YP3NLV;TASKalfa 2554ci;1T02YPCNL0;TK-8365C;CONSUMIBLES COLOR
1102YR3NL0;TASKalfa 6004i;1902ND0UN0;WT-8500;CONSUMIBLES B/N
1102YR3NL0;TASKalfa 6004i;1T02XF0NL0;TK-6345;CONSUMIBLES B/N
1102YS3NL0;TASKalfa 5004i;1902ND0UN0;WT-8500;CONSUMIBLES B/N
1102YS3NL0;TASKalfa 5004i;1T02XF0NL0;TK-6345;CONSUMIBLES B/N
1102YS3NLO;TASKALFA 5004i;1T02XF0NL0;TK-6345;CONSUMIBLES B/N
1102YV3NL0;PA2001w;1T02Y80NL0;TK-1248;CONSUMIBLES B/N
1102Z03NL0;ECOSYS PA4000cx;1T02Z00NL0;TK-5380K;CONSUMIBLES B/N
1102Z03NL0;ECOSYS PA4000cx;1T02Z0ANL0;TK-5380Y;CONSUMIBLES COLOR
1102Z03NL0;ECOSYS PA4000cx;1T02Z0BNL0;TK-5380M;CONSUMIBLES COLOR
1102Z03NL0;ECOSYS PA4000cx;1T02Z0CNL0;TK-5380C;CONSUMIBLES COLOR
1102Z03NL0;ECOSYS PA4000cx;CPCC4000;Coste por copia color PA4000cx - 0,09;CONSUMIBLES COLOR
1102Z03NL0;ECOSYS PA4000cx;CPCNPA4000;Coste por copia negro PA4000cx - 0,009;CONSUMIBLES COLOR
1102Z13NL0;ECOSYS PA4500cx;1T02Z10NL0;TK-5390K;CONSUMIBLES B/N
1102Z13NL0;ECOSYS PA4500cx;1T02Z1ANL0;TK-5390Y;CONSUMIBLES COLOR
1102Z13NL0;ECOSYS PA4500cx;1T02Z1BNL0;TK-5390M;CONSUMIBLES COLOR
1102Z13NL0;ECOSYS PA4500cx;1T02Z1CNL0;TK-5390C;CONSUMIBLES COLOR
1102Z33NL0;ECOSYS MA3500cifx;1T02YJ0NL0;TK-5370K;CONSUMIBLES B/N
1102Z33NL0;ECOSYS MA3500cifx;1T02YJANL0;TK-5370Y;CONSUMIBLES COLOR
1102Z33NL0;ECOSYS MA3500cifx;1T02YJBNL0;TK-5370M;CONSUMIBLES COLOR
1102Z33NL0;ECOSYS MA3500cifx;1T02YJCNL0;TK-5370C;CONSUMIBLES COLOR
1102Z43NL0;ECOSYS MA4000cix;1T02Z00NL0;TK-5380K;CONSUMIBLES B/N
1102Z43NL0;ECOSYS MA4000cix;1T02Z0ANL0;TK-5380Y;CONSUMIBLES COLOR
1102Z43NL0;ECOSYS MA4000cix;1T02Z0BNL0;TK-5380M;CONSUMIBLES COLOR
1102Z43NL0;ECOSYS MA4000cix;1T02Z0CNL0;TK-5380C;CONSUMIBLES COLOR
1102Z43NL0;ECOSYS MA4000cix;CPCMA4000;Coste por copia Negro - ECOSYS MA4000cix - 0,015;CONSUMIBLES B/N
1102Z63NL0;TASKalfa MA3500ci;1T02Z60NL0;TK-5405K;CONSUMIBLES B/N
1102Z63NL0;TASKalfa MA3500ci;1T02Z6ANL0;TK-5405Y;CONSUMIBLES COLOR
1102Z63NL0;TASKalfa MA3500ci;1T02Z6BNL0;TK-5405M;CONSUMIBLES COLOR
1102Z63NL0;TASKalfa MA3500ci;1T02Z6CNL0;TK-5405C;CONSUMIBLES COLOR
1102Z73NL0;TASKalfa MA4500ci;1T02Z70NL0;TK-5415K;CONSUMIBLES COLOR
1102Z73NL0;TASKalfa MA4500ci;1T02Z7ANL0;TK-5415Y;CONSUMIBLES COLOR
1102Z73NL0;TASKalfa MA4500ci;1T02Z7BNL0;TK-5415M;CONSUMIBLES COLOR
1102Z73NL0;TASKalfa MA4500ci;1T02Z7CNL0;TK-5415C;CONSUMIBLES COLOR
1102ZL3NL0;TASKalfa 352ci;1T02ZL0NL0;TK-5345K;CONSUMIBLES B/N
1102ZL3NL0;TASKalfa 352ci;1T02ZLANL0;TK-5345Y;CONSUMIBLES COLOR
1102ZL3NL0;TASKalfa 352ci;1T02ZLBNL0;TK-5345M;CONSUMIBLES COLOR
1102ZL3NL0;TASKalfa 352ci;1T02ZLCNL0;TK-5345C;CONSUMIBLES COLOR
1102ZS3NL0;TASKalfa MZ4000i;1T02ZS0NL0;TK-7235;CONSUMIBLES B/N
1102ZW3NL0;TASKalfa MZ10500i;1902V90UN0;WT8830 - TONER RESIDUAL;CONSUMIBLES B/N
1102ZW3NL0;TASKalfa MZ10500i;1T0C050NL0;TK-6835;CONSUMIBLES B/N
1105JG3NL0;KM-4800w;1T05JG0NL0;TK-960;CONSUMIBLES B/N
1105JG3NL0;KM-4800w;Q8751A;HP BOND UNIVERSAL 914mmX175m 80 GR. (ROLLO PLANOS );CONSUMIBLES B/N
1105JK3NL0;FS-C1020MFP;1T05JK0NL0;TK-150K;CONSUMIBLES B/N
1105JK3NL0;FS-C1020MFP;1T05JKANL0;TK-150Y;CONSUMIBLES COLOR
1105JK3NL0;FS-C1020MFP;1T05JKBNL0;TK-150M;CONSUMIBLES COLOR
1105JK3NL0;FS-C1020MFP;1T05JKCNL0;TK-150C;CONSUMIBLES COLOR
1105JN3NL0;TASKalfa 650c;1T05JN0NL0;TK-87SK;CONSUMIBLES B/N
1105JN3NL0;TASKalfa 650c;1T05JNANL0;TK-87SY;CONSUMIBLES COLOR
1105JN3NL0;TASKalfa 650c;1T05JNBNL0;TK-87SM;CONSUMIBLES COLOR
1105JN3NL0;TASKalfa 650c;1T05JNCNL0;TK-87SC;CONSUMIBLES COLOR
1105JN3NL2;TASKalfa 750c;1T05JN0NL0;TK-87SK;CONSUMIBLES B/N
1105JN3NL2;TASKalfa 750c;1T05JNANL0;TK-87SY;CONSUMIBLES COLOR
1105JN3NL2;TASKalfa 750c;1T05JNBNL0;TK-87SM;CONSUMIBLES COLOR
1105JN3NL2;TASKalfa 750c;1T05JNCNL0;TK-87SC;CONSUMIBLES COLOR
1107-EX;RICOH PRO 1107-EX;828082;TONER RICOH PRO 1107 - TYPE 1357EX;CONSUMIBLES B/N
110C033NL0;TASKalfa MZ9500i;1902V90UN0;WT8830 - TONER RESIDUAL;CONSUMIBLES B/N
110C033NL0;TASKalfa MZ9500i;1T0C050NL0;TK-6835;CONSUMIBLES B/N
110C043NL0;TASKalfa MZ8500i;1902V90UN0;WT8830 - TONER RESIDUAL;CONSUMIBLES B/N
110C043NL0;TASKalfa MZ8500i;1T0C050NL0;TK-6835;CONSUMIBLES B/N
110C053NL0;TASKalfa MZ7500i;1902V90UN0;WT8830 - TONER RESIDUAL;CONSUMIBLES B/N
110C053NL0;TASKalfa MZ7500i;1T0C050NL0;TK-6835;CONSUMIBLES B/N
110C093NL0;ECOSYS PA2100cwx;1T0C0A0NL0;TK-5440K;CONSUMIBLES COLOR
110C093NL0;ECOSYS PA2100cwx;1T0C0A0NL1;TK-5430K;CONSUMIBLES B/N
110C093NL0;ECOSYS PA2100cwx;1T0C0AANL0;TK-5440Y;CONSUMIBLES COLOR
110C093NL0;ECOSYS PA2100cwx;1T0C0AANL1;TK-5430Y;CONSUMIBLES COLOR
110C093NL0;ECOSYS PA2100cwx;1T0C0ABNL0;TK-5440M;CONSUMIBLES COLOR
110C093NL0;ECOSYS PA2100cwx;1T0C0ABNL1;TK-5430M;CONSUMIBLES COLOR
110C093NL0;ECOSYS PA2100cwx;1T0C0ACNL0;TK-5440C;CONSUMIBLES COLOR
110C093NL0;ECOSYS PA2100cwx;1T0C0ACNL1;TK-5430C;CONSUMIBLES COLOR
110C0A3NL0;ECOSYS MA2100CWFX;1T0C0A0NL0;TK-5440K;CONSUMIBLES COLOR
110C0A3NL0;ECOSYS MA2100CWFX;1T0C0A0NL1;TK-5430K;CONSUMIBLES B/N
110C0A3NL0;ECOSYS MA2100CWFX;1T0C0AANL0;TK-5440Y;CONSUMIBLES COLOR
110C0A3NL0;ECOSYS MA2100CWFX;1T0C0AANL1;TK-5430Y;CONSUMIBLES COLOR
110C0A3NL0;ECOSYS MA2100CWFX;1T0C0ABNL0;TK-5440M;CONSUMIBLES COLOR
110C0A3NL0;ECOSYS MA2100CWFX;1T0C0ABNL1;TK-5430M;CONSUMIBLES COLOR
110C0A3NL0;ECOSYS MA2100CWFX;1T0C0ACNL0;TK-5440C;CONSUMIBLES COLOR
110C0A3NL0;ECOSYS MA2100CWFX;1T0C0ACNL1;TK-5430C;CONSUMIBLES COLOR
110C0B3NL0;ECOSYS MA2100CFX;1T0C0A0NL0;TK-5440K;CONSUMIBLES COLOR
110C0B3NL0;ECOSYS MA2100CFX;1T0C0AANL0;TK-5440Y;CONSUMIBLES COLOR
110C0B3NL0;ECOSYS MA2100CFX;1T0C0ABNL0;TK-5440M;CONSUMIBLES COLOR
110C0B3NL0;ECOSYS MA2100CFX;1T0C0ACNL0;TK-5440C;CONSUMIBLES COLOR
110C0C3NL0;ECOSYS PA2100CX;1T0C0A0NL1;TK-5430K;CONSUMIBLES B/N
110C0C3NL0;ECOSYS PA2100CX;1T0C0AANL1;TK-5430Y;CONSUMIBLES COLOR
110C0C3NL0;ECOSYS PA2100CX;1T0C0ABNL1;TK-5430M;CONSUMIBLES COLOR
110C0C3NL0;ECOSYS PA2100CX;1T0C0ACNL1;TK-5430C;CONSUMIBLES COLOR
110C0D3NL0;ECOSYS MA2600cwfx;1T0C0D0NL0;TK-5450K;CONSUMIBLES B/N
110C0D3NL0;ECOSYS MA2600cwfx;1T0C0DANL0;TK-5450Y;CONSUMIBLES COLOR
110C0D3NL0;ECOSYS MA2600cwfx;1T0C0DBNL0;TK-5450M;CONSUMIBLES COLOR
110C0D3NL0;ECOSYS MA2600cwfx;1T0C0DCNL0;TK-5450C;CONSUMIBLES COLOR
110C0F3NL0;ECOSYS MA2600cfx;1T0C0D0NL0;TK-5450K;CONSUMIBLES B/N
110C0F3NL0;ECOSYS MA2600cfx;1T0C0DANL0;TK-5450Y;CONSUMIBLES COLOR
110C0F3NL0;ECOSYS MA2600cfx;1T0C0DBNL0;TK-5450M;CONSUMIBLES COLOR
110C0F3NL0;ECOSYS MA2600cfx;1T0C0DCNL0;TK-5450C;CONSUMIBLES COLOR
110C0G3NL0;ECOSYS PA2600cxw;1T0C0D0NL0;TK-5450K;CONSUMIBLES B/N
110C0G3NL0;ECOSYS PA2600cxw;1T0C0DANL0;TK-5450Y;CONSUMIBLES COLOR
110C0G3NL0;ECOSYS PA2600cxw;1T0C0DBNL0;TK-5450M;CONSUMIBLES COLOR
110C0G3NL0;ECOSYS PA2600cxw;1T0C0DCNL0;TK-5450C;CONSUMIBLES COLOR
110C0T3NL0;ECOSYS PA6000x;1T0C0T0NL0;TK-3440;CONSUMIBLES B/N
110C0T3NL0;ECOSYS PA6000x;1T0C0W0NL0;TK-3430;CONSUMIBLES B/N
110C0V3NL0;ECOSYS MA6000ifx;1T0C0T0NL0;TK-3440;CONSUMIBLES B/N
110C0W3NL0;ECOSYS PA5500x;1T0C0W0NL0;TK-3430;CONSUMIBLES B/N
110C0Z3NL0;ECOSYS MA5500ifx;1T0C0W0NL0;TK-3430;CONSUMIBLES B/N
110C103NL0;ECOSYS MA4500ifx;1T0C100NL0;TK-3300;CONSUMIBLES B/N
110C113NL0;ECOSYS MA4500ix;1T0C100NL0;TK-3300;CONSUMIBLES B/N
110C133NL0;ECOSYS MA4500X;1T0C0Y0NL0;TK-3400;CONSUMIBLES B/N
110C143NL0;ECOSYS MA4000x;1T0C140NL0;TK-1270;CONSUMIBLES B/N
110C1B3NL0;ECOSYS MA4000fx;1T0C140NL0;TK-1270;CONSUMIBLES B/N
110C2G3NL0;TASKalfa MZ7001ci;1902ND0UN0;WT-8500;CONSUMIBLES B/N
110C2G3NL0;TASKalfa MZ7001ci;1T0C2G0NL0;TK-8595K;CONSUMIBLES COLOR
110C2G3NL0;TASKalfa MZ7001ci;1T0C2GANL0;TK-8595Y;CONSUMIBLES COLOR
110C2G3NL0;TASKalfa MZ7001ci;1T0C2GBNL0;TK-8595M;CONSUMIBLES COLOR
110C2G3NL0;TASKalfa MZ7001ci;1T0C2GCNL0;TK-8595C;CONSUMIBLES COLOR
110C2H3NL0;TASKalfa MZ6001ci;1902ND0UN0;WT-8500;CONSUMIBLES B/N
110C2H3NL0;TASKalfa MZ6001ci;1T0C2G0NL0;TK-8595K;CONSUMIBLES COLOR
110C2H3NL0;TASKalfa MZ6001ci;1T0C2GANL0;TK-8595Y;CONSUMIBLES COLOR
110C2H3NL0;TASKalfa MZ6001ci;1T0C2GBNL0;TK-8595M;CONSUMIBLES COLOR
110C2H3NL0;TASKalfa MZ6001ci;1T0C2GCNL0;TK-8595C;CONSUMIBLES COLOR
110C2J3NL0;TASKalfa MZ5001ci;1902ND0UN0;WT-8500;CONSUMIBLES B/N
110C2J3NL0;TASKalfa MZ5001ci;1T0C2G0NL0;TK-8595K;CONSUMIBLES COLOR
110C2J3NL0;TASKalfa MZ5001ci;1T0C2GANL0;TK-8595Y;CONSUMIBLES COLOR
110C2J3NL0;TASKalfa MZ5001ci;1T0C2GBNL0;TK-8595M;CONSUMIBLES COLOR
110C2J3NL0;TASKalfa MZ5001ci;1T0C2GCNL0;TK-8595C;CONSUMIBLES COLOR
110C2K3NL0;TASKalfa MZ4001ci;1902ND0UN0;WT-8500;CONSUMIBLES B/N
110C2K3NL0;TASKalfa MZ4001ci;1T0C2J0NL0;TK-8585K;CONSUMIBLES B/N
110C2K3NL0;TASKalfa MZ4001ci;1T0C2JANL0;TK-8585Y;CONSUMIBLES COLOR
110C2K3NL0;TASKalfa MZ4001ci;1T0C2JBNL0;TK-8585M;CONSUMIBLES COLOR
110C2K3NL0;TASKalfa MZ4001ci;1T0C2JCNL0;TK-8585C;CONSUMIBLES COLOR
110C2K3NLV;TASKalfa MZ4001ci 220-240V50/60HZ;1902ND0UN0;WT-8500;CONSUMIBLES B/N
110C2K3NLV;TASKalfa MZ4001ci 220-240V50/60HZ;1T0C2J0NL0;TK-8585K;CONSUMIBLES B/N
110C2K3NLV;TASKalfa MZ4001ci 220-240V50/60HZ;1T0C2JANL0;TK-8585Y;CONSUMIBLES COLOR
110C2K3NLV;TASKalfa MZ4001ci 220-240V50/60HZ;1T0C2JBNL0;TK-8585M;CONSUMIBLES COLOR
110C2K3NLV;TASKalfa MZ4001ci 220-240V50/60HZ;1T0C2JCNL0;TK-8585C;CONSUMIBLES COLOR
110C2L3NL0;TASKalfa MZ3501ci;1902ND0UN0;WT-8500;CONSUMIBLES B/N
110C2L3NL0;TASKalfa MZ3501ci;1T0C2L0NL0;TK-8465K;CONSUMIBLES B/N
110C2L3NL0;TASKalfa MZ3501ci;1T0C2LANL0;TK-8465Y;CONSUMIBLES COLOR
110C2L3NL0;TASKalfa MZ3501ci;1T0C2LBNL0;TK-8465M;CONSUMIBLES COLOR
110C2L3NL0;TASKalfa MZ3501ci;1T0C2LCNL0;TK-8465C;CONSUMIBLES COLOR
110C2M3NL0;TASKalfa MZ2501ci;1902ND0UN0;WT-8500;CONSUMIBLES B/N
110C2M3NL0;TASKalfa MZ2501ci;1T0C2M0NL0;TK-8455K;CONSUMIBLES COLOR
110C2M3NL0;TASKalfa MZ2501ci;1T0C2MANL0;TK-8455Y;CONSUMIBLES COLOR
110C2M3NL0;TASKalfa MZ2501ci;1T0C2MBNL0;TK-8455M;CONSUMIBLES COLOR
110C2M3NL0;TASKalfa MZ2501ci;1T0C2MCNL0;TK-8455C;CONSUMIBLES COLOR
110C2N3NL0;TASKalfa MZ7001i;1902ND0UN0;WT-8500;CONSUMIBLES B/N
110C2N3NL0;TASKalfa MZ7001i;1T0C2N0NL0;TK-6355;CONSUMIBLES B/N
110C2P3NL0;TASKalfa MZ6001i;1902ND0UN0;WT-8500;CONSUMIBLES B/N
110C2P3NL0;TASKalfa MZ6001i;1T0C2N0NL0;TK-6355;CONSUMIBLES B/N
110C2R3NL0;TASKalfa MZ5001i;1902ND0UN0;WT-8500;CONSUMIBLES B/N
110C2R3NL0;TASKalfa MZ5001i;1T0C2N0NL0;TK-6355;CONSUMIBLES B/N
110C3G3NL0;ECOSYS MA3500x;1T0C3H0NL0;TK-1250;CONSUMIBLES B/N
2Y9H2A;HP DESIGNJET T850 MFP;498N5A;HP DESIGNJET 738 CARTUCHO CIAN 130ML;CONSUMIBLES COLOR
2Y9H2A;HP DESIGNJET T850 MFP;498N6A;HP DESIGNJET 738 CARTUCHO MAGENTA 130ML;CONSUMIBLES COLOR
2Y9H2A;HP DESIGNJET T850 MFP;498N7A;HP DESIGNJET 738 CARTUCHO AMARILLO 130ML;CONSUMIBLES COLOR
2Y9H2A;HP DESIGNJET T850 MFP;498N8A;HP DESIGNJET 738 CARTUCHO NEGRO 300ML;CONSUMIBLES COLOR
2Y9H2A;HP DESIGNJET T850 MFP;676M6A;HP DESIGNJET 738 CARTUCHO CIAN 300ML;CONSUMIBLES COLOR
2Y9H2A;HP DESIGNJET T850 MFP;676M7A;HP DESIGNJET 738 CARTUCHO MAGENTA 300MLº;CONSUMIBLES COLOR
2Y9H2A;HP DESIGNJET T850 MFP;676M8A;HP DESIGNJET 738 CARTUCHO AMARILLO 300ML;CONSUMIBLES COLOR
2Z622F#B19;HP LaserJet Pro MFP 4102dw;DIW1490A;TONER COMP. HP W1490A;CONSUMIBLES COLOR
3062C003AB;Plotter CANON TM-200 con Pedestal;2884C001AA;CANON Tinta PFI-120 MBK;CONSUMIBLES COLOR
3062C003AB;Plotter CANON TM-200 con Pedestal;2886C001AA;CANON Tinta PFI-120 C;CONSUMIBLES COLOR
3062C003AB;Plotter CANON TM-200 con Pedestal;2887C001AA;CANON Tinta PFI-120 M;CONSUMIBLES COLOR
3062C003AB;Plotter CANON TM-200 con Pedestal;2888C001AA;CANON Tinta PFI-120 Y;CONSUMIBLES COLOR
38790;HP DESIGNJET T120;26860;FBS ROLLO PLOTTER 90G 610MMX50M7610509;CONSUMIBLE NEGRO
38790;HP DESIGNJET T120;C1Q10A;CABEZAL HP 711 4 colores Designet T120 T520;CONSUMIBLES COLOR
38790;HP DESIGNJET T120;CZ129A;TINTA HP NEGRO 711 38 ML DESIGNJET/T120/T520;CONSUMIBLES B/N
38790;HP DESIGNJET T120;CZ130A;TINTA HP CIAN 711 38 ML DESIGNJET/T120/T520;CONSUMIBLES COLOR
38790;HP DESIGNJET T120;CZ131A;TINTA HP MAGENTA 711 38 ML DESIGNJET/T120/T52 0;CONSUMIBLES COLOR
38790;HP DESIGNJET T120;CZ132A;TINTA HP AMARILLO 711 38 ML DESIGNJET/T120/T52 0;CONSUMIBLES COLOR
38790;HP DESIGNJET T120;CZ133A;TINTA HP 711 GF NEGRO DESIGNJET/T120/T520;CONSUMIBLES B/N
3XB78A;"HP PLOTTER MFP T2600 POSTCRIPT 36"" 1 ROLLO";P2V62A;TINTA HP 730 CIAN Designjet T1700 (130ml);CONSUMIBLES COLOR
3XB78A;"HP PLOTTER MFP T2600 POSTCRIPT 36"" 1 ROLLO";P2V64A;TINTA HP 730 AMARILLO DesignJet T1700 (130ml);CONSUMIBLES COLOR
3XB78A;"HP PLOTTER MFP T2600 POSTCRIPT 36"" 1 ROLLO";P2V65A;TINTA HP 730 NEGRO MATE;CONSUMIBLES COLOR
3XB78A;"HP PLOTTER MFP T2600 POSTCRIPT 36"" 1 ROLLO";P2V66A;TINTA HP 730 GRIS Designjet T1700 (130ml);CONSUMIBLES COLOR
3XB78A;"HP PLOTTER MFP T2600 POSTCRIPT 36"" 1 ROLLO";P2V67A;TINTA HP 730 NEGRO foto Designjet T1700 (130ml);CONSUMIBLES COLOR
3XB78A;"HP PLOTTER MFP T2600 POSTCRIPT 36"" 1 ROLLO";P2V69A;TINTA HP 730 MAGENTA Designjet T1700 (300ml);CONSUMIBLES COLOR
409740;RICOH PRO C5400SL;828723;TONER RICOH PRO C 5400 NEGRO;CONSUMIBLES COLOR
409740;RICOH PRO C5400SL;828724;TONER RICOH PRO C 5400 AMARILLO;CONSUMIBLES COLOR
409740;RICOH PRO C5400SL;828725;TONER RICOH PRO C 5400 MAGENTA;CONSUMIBLES COLOR
409740;RICOH PRO C5400SL;828726;TONER RICOH PRO C 5400 CIAN;CONSUMIBLES COLOR
46356132;OKI C542dn;46490605;TONER AMARILLO OKI C532/C542/M573;CONSUMIBLES COLOR
46356132;OKI C542dn;46490606;TONER MAGENTA OKI C532/C542/MC573;CONSUMIBLES COLOR
46356132;OKI C542dn;46490607;TONER CIAN OKI C532/C542/MC573;CONSUMIBLES COLOR
46356132;OKI C542dn;46490608;TONER NEGRO OKI C532/C542/MC573;CONSUMIBLES COLOR
525301-002;Sigma DS2 Printer, Simplex, 125-Card Input Hopper;525100-004;CASE, COLOR RIBBON KIT YMCKT;CONSUMIBLES B/N
525301-002;Sigma DS2 Printer, Simplex, 125-Card Input Hopper;525900-001;"Monochrome Ribbon Kit Black, Standard / food
safe";CONSUMIBLES B/N
525301-002;Sigma DS2 Printer, Simplex, 125-Card Input Hopper;531291-001;"UPGRADE KIT, SIMPLEX SMARTCARD, S19 IDENTIV
NEXT G";CONSUMIBLES B/N
525301-003;SIGMA DS2 PRINTER;525100-004;CASE, COLOR RIBBON KIT YMCKT;CONSUMIBLES B/N
55728;"IMPRESORA HP DESIGNJET T120 24""";CZ129A;TINTA HP NEGRO 711 38 ML DESIGNJET/T120/T520;CONSUMIBLES B/N
55728;"IMPRESORA HP DESIGNJET T120 24""";CZ130A;TINTA HP CIAN 711 38 ML DESIGNJET/T120/T520;CONSUMIBLES COLOR
55728;"IMPRESORA HP DESIGNJET T120 24""";CZ131A;TINTA HP MAGENTA 711 38 ML DESIGNJET/T120/T52 0;CONSUMIBLES COLOR
55728;"IMPRESORA HP DESIGNJET T120 24""";CZ132A;TINTA HP AMARILLO 711 38 ML DESIGNJET/T120/T52 0;CONSUMIBLES COLOR
5HB07A;"Plotter HP Designjet T230 de 24""";3ED67A;Tinta plotter HP 712 Cian;CONSUMIBLES COLOR
5HB07A;"Plotter HP Designjet T230 de 24""";3ED68A;Tinta plotter HP 712 Magenta;CONSUMIBLES COLOR
5HB07A;"Plotter HP Designjet T230 de 24""";3ED69A;Tinta plotter HP 712 Amarillo;CONSUMIBLES COLOR
5HB07A;"Plotter HP Designjet T230 de 24""";3ED70A;TINTA PLOTTER HP NEGRA;CONSUMIBLES B/N
5HB08A#B19;Plotter HP DesignJet T650 24-in Printer;3ED67A;Tinta plotter HP 712 Cian;CONSUMIBLES COLOR
5HB08A#B19;Plotter HP DesignJet T650 24-in Printer;3ED68A;Tinta plotter HP 712 Magenta;CONSUMIBLES COLOR
5HB08A#B19;Plotter HP DesignJet T650 24-in Printer;3ED69A;Tinta plotter HP 712 Amarillo;CONSUMIBLES COLOR
5HB08A#B19;Plotter HP DesignJet T650 24-in Printer;3ED71A;Tinta negra HP - 80 ml - HP 712;CONSUMIBLES COLOR
5HB09A;Plotter HP Designjet T630 - 24 pulgadas;3ED67A;Tinta plotter HP 712 Cian;CONSUMIBLES COLOR
5HB09A;Plotter HP Designjet T630 - 24 pulgadas;3ED68A;Tinta plotter HP 712 Magenta;CONSUMIBLES COLOR
5HB09A;Plotter HP Designjet T630 - 24 pulgadas;3ED69A;Tinta plotter HP 712 Amarillo;CONSUMIBLES COLOR
5HB09A;Plotter HP Designjet T630 - 24 pulgadas;3ED71A;Tinta negra HP - 80 ml - HP 712;CONSUMIBLES COLOR
5HB09A;Plotter HP Designjet T630 - 24 pulgadas;3ED77A;Pack 3 uds tinta Cian - 29ml - HP 712;CONSUMIBLES COLOR
5HB09A;Plotter HP Designjet T630 - 24 pulgadas;3ED78A;Pack 3 uds tinta Magenta - 29ml - HP 712;CONSUMIBLES COLOR
5HB09A;Plotter HP Designjet T630 - 24 pulgadas;3ED79A;Pack 3 uds tinta Amarillo - 29ml - HP 712;CONSUMIBLES COLOR
5HB09A;Plotter HP Designjet T630 - 24 pulgadas;Q1396A;"HP Papel Bond LF 24"", 47,5m. x 610mm., 80g";CONSUMIBLES B/N
5HB09D;HP DESIGNJET T630 24-IN PRINTER;3ED67A;Tinta plotter HP 712 Cian;CONSUMIBLES COLOR
5HB09D;HP DESIGNJET T630 24-IN PRINTER;3ED68A;Tinta plotter HP 712 Magenta;CONSUMIBLES COLOR
5HB09D;HP DESIGNJET T630 24-IN PRINTER;3ED69A;Tinta plotter HP 712 Amarillo;CONSUMIBLES COLOR
5HB09D;HP DESIGNJET T630 24-IN PRINTER;3ED71A;Tinta negra HP - 80 ml - HP 712;CONSUMIBLES COLOR
5HB09D#B19;HP DesignJet T630 24-in Printer(Edición 2025);3ED67A;Tinta plotter HP 712 Cian;CONSUMIBLES COLOR
5HB09D#B19;HP DesignJet T630 24-in Printer(Edición 2025);3ED68A;Tinta plotter HP 712 Magenta;CONSUMIBLES COLOR
5HB09D#B19;HP DesignJet T630 24-in Printer(Edición 2025);3ED69A;Tinta plotter HP 712 Amarillo;CONSUMIBLES COLOR
5HB09D#B19;HP DesignJet T630 24-in Printer(Edición 2025);3ED70A;TINTA PLOTTER HP NEGRA;CONSUMIBLES B/N
5HB09D#B19;HP DesignJet T630 24-in Printer(Edición 2025);3ED71A;Tinta negra HP - 80 ml - HP 712;CONSUMIBLES COLOR
5HB11A;plotter HP Designjet T630 de 36 pulgadas;3ED67A;Tinta plotter HP 712 Cian;CONSUMIBLES COLOR
5HB11A;plotter HP Designjet T630 de 36 pulgadas;3ED68A;Tinta plotter HP 712 Magenta;CONSUMIBLES COLOR
5HB11A;plotter HP Designjet T630 de 36 pulgadas;3ED69A;Tinta plotter HP 712 Amarillo;CONSUMIBLES COLOR
5HB11A;plotter HP Designjet T630 de 36 pulgadas;3ED71A;Tinta negra HP - 80 ml - HP 712;CONSUMIBLES COLOR
70B11102PG3N;ECOSYS P2035DN;1T02LY0NL0;TK-160;CONSUMIBLES B/N
865DC5SP;KM-1500-SP;370PU5KW;TK-100;CONSUMIBLES B/N
870B11102J03EU0;FS-2020DN;1T02J00EU0;TK-340;CONSUMIBLES B/N
870B11102J03EU0;FS-2020DN;1T02J00EUC;TK-340;CONSUMIBLES B/N
870B11102LY3NL0;FS-1120DN;1T02LY0NL0;TK-160;CONSUMIBLES B/N
8B12F8E0;FS-2000DN;0T2F80EU;TK-310;CONSUMIBLES B/N
8B12HSE0;FS-1300DN;1T02HS0EUC;TK-130;CONSUMIBLES B/N
8B12J0E0;FS-2020DN;1T02J00EU0;TK-340;CONSUMIBLES B/N
8B12J0E0;FS-2020DN;1T02J00EUC;TK-340;CONSUMIBLES B/N
9006144;OKI IMPRESORA A4 C650dn;9006127;OKI Cian toner C650;CONSUMIBLES COLOR
9006144;OKI IMPRESORA A4 C650dn;9006128;OKI Magenta toner C650;CONSUMIBLES COLOR
9006144;OKI IMPRESORA A4 C650dn;9006129;OKI Amarillo toner C650;CONSUMIBLES COLOR
9006144;OKI IMPRESORA A4 C650dn;9006130;OKI Negro toner C650;CONSUMIBLES COLOR
B2317000;COPIADORA D-COPIA 4523MF PLUS;B1445;TONER D-COPIA 4523/4524;CONSUMIBLES B/N
B3131000;COPIADORA d-Color MF 3004;DIB1179;TONER 3003/3004 DI;CONSUMIBLES COLOR
B3131000;COPIADORA d-Color MF 3004;DIB1180;TONER AZUL 3003/3004;CONSUMIBLES COLOR
B3131000;COPIADORA d-Color MF 3004;DIB1181;TONER AMARILLO D-COLOR 3003/04;CONSUMIBLES COLOR
B3131000;COPIADORA d-Color MF 3004;DIB1182;TONER ROJO D-COLOR MF3003/0;CONSUMIBLES COLOR
B3191000;COPIADORA d-Color MF 223;DIB1036;TONER COMP.NEGRO d-COLOR MF222/282/362;CONSUMIBLES B/N
B3191000;COPIADORA d-Color MF 223;DIB1203;BOTE RESIDUAL BIZHUB C227/C287/223;CONSUMIBLES COLOR
B3191000;COPIADORA d-Color MF 223;DITN221C;TONER AZUL BIZHUC 227/287/223;CONSUMIBLES COLOR
B3191000;COPIADORA d-Color MF 223;DITN221M;TONER ROJO BIZHUB C227/287/223;CONSUMIBLES COLOR
B3191000;COPIADORA d-Color MF 223;DITN221Y;TONER AMARILLO BIZHUB C227/287/223;CONSUMIBLES COLOR
B3261000;COPIADORA d-Color MF 454;DIB1051;BOTE RESIDUAL Bizhub C224,C284,C454,C258;CONSUMIBLES COLOR
B3261000;COPIADORA d-Color MF 454;DITN514C;TONER CYAN BIZHUB C458/C558/C658;CONSUMIBLES COLOR
B3261000;COPIADORA d-Color MF 454;DITN514K;TONER NEGRO BIZHUB C458/558/65;CONSUMIBLES COLOR
B3261000;COPIADORA d-Color MF 454;DITN558Y;TONER AMARILLO BIZHUB 558;CONSUMIBLES COLOR
B3318000;COPIADORA D-COPIA 5000 MF;DIB1215;TONER D-COPIA 4000/5000/6000 DIC;CONSUMIBLES COLOR
B3319000;COPIADORA d-Copia 6000 MF;DIB1215;TONER D-COPIA 4000/5000/6000 DIC;CONSUMIBLES COLOR
B3381000;COPIADORA d-Color MF 3301;B1217;TONER NEGRO d-Col.MF 3301/3801;CONSUMIBLES COLOR
B3402000;IMPRESORA PGL 2550;DIB1228;TONER PGL 2545/2550;CONSUMIBLES COLOR
B3407000;COPIADORA d-Copia 3524 MF;DIB1233;TONER D-COPIA 3524/3524 +;CONSUMIBLES COLOR
B3408000;COPIADORA d-Copia 3524 MF PLUS;DIB1233;TONER D-COPIA 3524/3524 +;CONSUMIBLES COLOR
B3410000;COPIADORA d-Copia 4024 MF;DIB1234;TONER D-COPIA 4023/4024 MF DIC;CONSUMIBLES COLOR
B3416000;COPIADORA D-COLOR MF 2624;DIB1237;TONER COMP. NEGRO D-COLOR MF2624PLUS/P2;CONSUMIBLES B/N
B3416000;COPIADORA D-COLOR MF 2624;DIB1238;TONER COMP. CYAN D-COLOR MF2624PLUS/P22;CONSUMIBLES COLOR
B3416000;COPIADORA D-COLOR MF 2624;DIB1239;TONER COMP. D-COLOR MF2624PLUS MAGENTA;CONSUMIBLES COLOR
B3416000;COPIADORA D-COLOR MF 2624;dib1240;TONER COMP. D-COLOR MF2624PLUS AMARILLO;CONSUMIBLES COLOR
B3736000;COPIADORA D-COLOR MF 259;DIB1322;TONER NEGRO D-COLOR 259/359 DI;CONSUMIBLES COLOR
B3736000;COPIADORA D-COLOR MF 259;DIB1325;TONER YELLOW 259-369 DIC;CONSUMIBLES COLOR
B3736000;COPIADORA D-COLOR MF 259;DIB1332;BOTE RESIDUAL C250/300/360/259/309;CONSUMIBLES COLOR
B3736000;COPIADORA D-COLOR MF 259;DITN328C;TONER AZUL BIZHUB 250/259/359;CONSUMIBLES COLOR
B3736000;COPIADORA D-COLOR MF 259;DITN328M;TONER ROJO BIZHUB 250/259/359;CONSUMIBLES COLOR
B3737000;COPIADORA D-COLOR MF 309;DIB1322;TONER NEGRO D-COLOR 259/359 DI;CONSUMIBLES COLOR
B3737000;COPIADORA D-COLOR MF 309;DIB1332;BOTE RESIDUAL C250/300/360/259/309;CONSUMIBLES COLOR
B3737000;COPIADORA D-COLOR MF 309;DITN328C;TONER AZUL BIZHUB 250/259/359;CONSUMIBLES COLOR
B3737000;COPIADORA D-COLOR MF 309;DITN328M;TONER ROJO BIZHUB 250/259/359;CONSUMIBLES COLOR
B3737000;COPIADORA D-COLOR MF 309;DITN328Y;TONER AMARILLO BIZHUB 250/259/;CONSUMIBLES COLOR
B3740000;COPIADORA D-COLOR MF 3302;B1352;TONER AZUL D-COLOR MF 3302;CONSUMIBLES COLOR
B3740000;COPIADORA D-COLOR MF 3302;B1353;TONER NEGRO D-COLOR MF 3302;CONSUMIBLES COLOR
B3740000;COPIADORA D-COLOR MF 3302;B1354;TONER ROJO D-COLOR MF 3302;CONSUMIBLES COLOR
B3740000;COPIADORA D-COLOR MF 3302;B1355;TONER AMARILLO D-COLOR MF 3302;CONSUMIBLES COLOR
B3740000;COPIADORA D-COLOR MF 3302;B1356;BOTE RESIDUAL MF3303/4003/3302;CONSUMIBLES COLOR
B3740000;COPIADORA D-COLOR MF 3302;DIB1356;BOTE RESIDUAL;CONSUMIBLES COLOR
B3741000;COPIADORA D-COLOR MF3303;B1336;TONER CYAN D-COLOR MF3303/4003;CONSUMIBLES COLOR
B3741000;COPIADORA D-COLOR MF3303;B1337;TONER NEGRO D-COLOR MF3303/4003;CONSUMIBLES COLOR
B3741000;COPIADORA D-COLOR MF3303;B1338;TONER MAGENTA D-COLOR MF3303/4003;CONSUMIBLES COLOR
B3741000;COPIADORA D-COLOR MF3303;B1339;TONER YELLOW D-COLOR MF3303/4003;CONSUMIBLES COLOR
B3743000;COPIADORA D-COLOR 9 3302;B1336;TONER CYAN D-COLOR MF3303/4003;CONSUMIBLES COLOR
B3743000;COPIADORA D-COLOR 9 3302;B1337;TONER NEGRO D-COLOR MF3303/4003;CONSUMIBLES COLOR
B3743000;COPIADORA D-COLOR 9 3302;B1338;TONER MAGENTA D-COLOR MF3303/4003;CONSUMIBLES COLOR
B3743000;COPIADORA D-COLOR 9 3302;B1339;TONER YELLOW D-COLOR MF3303/4003;CONSUMIBLES COLOR
B3798000;PGL 2645;B1228;TONER D- COPIA 4513 MF, 4514MF, PGL 2545;CONSUMIBLES B/N
B3798000;PGL 2645;DIB1228;TONER PGL 2545/2550;CONSUMIBLES COLOR
B3800000;IMPRESORA PGL 2655;B1230;TONER PGL 2555/D-COPIA 5514/6014MF;CONSUMIBLES COLOR
B3821000;COPIADORA D-COPIA 7001 MF L2 29;B1430;TONER OLIVETTID-CCOPIA 7001MF/8001MF/70;CONSUMIBLES B/N
B3879000;COPIADORA D-COPIA 6001MF LI-29;DIB1215;TONER D-COPIA 4000/5000/6000 DIC;CONSUMIBLES COLOR
B3952000;D-COPIA 5001 MF;DIB1215;TONER D-COPIA 4000/5000/6000 DIC;CONSUMIBLES COLOR
B4455000;COPIADORA d-Color MF 222;DIB1036;TONER COMP.NEGRO d-COLOR MF222/282/362;CONSUMIBLES B/N
B4455000;COPIADORA d-Color MF 222;DIB1037;TONER COMP.CYAN d-COLOR MF222/282/362;CONSUMIBLES COLOR
B4455000;COPIADORA d-Color MF 222;DIB1038;TONER M D-COLOR MF222/282/362;CONSUMIBLES COLOR
B4455000;COPIADORA d-Color MF 222;DIB1039;TONER Y D-COLOR MF222/282/362;CONSUMIBLES COLOR
B4456000;COPIADORA d-Color MF 282 PLUS;DIB1036;TONER COMP.NEGRO d-COLOR MF222/282/362;CONSUMIBLES B/N
B4456000;COPIADORA d-Color MF 282 PLUS;DIB1051;BOTE RESIDUAL Bizhub C224,C284,C454,C258;CONSUMIBLES COLOR
B4458000;COPIADORA d-Color MF 452;DIB1026;TONER NEGRO MF452/MF552/254/304/454;CONSUMIBLES COLOR
B4458000;COPIADORA d-Color MF 452;DIB1027;TONER AZUL D-COLOR MF 452/552 DI;CONSUMIBLES COLOR
B4458000;COPIADORA d-Color MF 452;DIB1028;TONER ROJO D-COLOR MF 452/552;CONSUMIBLES COLOR
B4458000;COPIADORA d-Color MF 452;DIB1029;TONER AMARILLO d-Col.MF452/552 DI;CONSUMIBLES COLOR
B4458000;COPIADORA d-Color MF 452;DIB1036;TONER COMP.NEGRO d-COLOR MF222/282/362;CONSUMIBLES B/N
B4458000;COPIADORA d-Color MF 452;DIB1051;BOTE RESIDUAL Bizhub C224,C284,C454,C258;CONSUMIBLES COLOR
B4558000;COPIADORA D-COLOR 552 PLUS;DIB1026;TONER NEGRO MF452/MF552/254/304/454;CONSUMIBLES COLOR
B4558000;COPIADORA D-COLOR 552 PLUS;DIB1027;TONER AZUL D-COLOR MF 452/552 DI;CONSUMIBLES COLOR
B4558000;COPIADORA D-COLOR 552 PLUS;DIB1028;TONER ROJO D-COLOR MF 452/552;CONSUMIBLES COLOR
B4558000;COPIADORA D-COLOR 552 PLUS;DIB1029;TONER AMARILLO d-Col.MF452/552 DI;CONSUMIBLES COLOR
B4558000;COPIADORA D-COLOR 552 PLUS;DIB1051;BOTE RESIDUAL Bizhub C224,C284,C454,C258;CONSUMIBLES COLOR
B4633000;COPIADORA d-Copia 3013 MF PLUS;DIB1011;TONER d-Copia 3503/3504 DIC;CONSUMIBLES COLOR
B4829000;COPIADORA d-Copia 4003 MF;DIB1071;TONER d-Copia 4003/4MF/PGL2140;CONSUMIBLES COLOR
B4965000;COPIADORA d-Color MF 254;DIB1026;TONER NEGRO MF452/MF552/254/304/454;CONSUMIBLES COLOR
B4965000;COPIADORA d-Color MF 254;DIB1027;TONER AZUL D-COLOR MF 452/552 DI;CONSUMIBLES COLOR
B4965000;COPIADORA d-Color MF 254;DIB1028;TONER ROJO D-COLOR MF 452/552;CONSUMIBLES COLOR
B4965000;COPIADORA d-Color MF 254;DIB1029;TONER AMARILLO d-Col.MF452/552 DI;CONSUMIBLES COLOR
B4965000;COPIADORA d-Color MF 254;DIB1051;BOTE RESIDUAL Bizhub C224,C284,C454,C258;CONSUMIBLES COLOR
B4966000;COPIADORA d-Color MF 304;DIB1026;TONER NEGRO MF452/MF552/254/304/454;CONSUMIBLES COLOR
B4966000;COPIADORA d-Color MF 304;DIB1027;TONER AZUL D-COLOR MF 452/552 DI;CONSUMIBLES COLOR
B4966000;COPIADORA d-Color MF 304;DIB1028;TONER ROJO D-COLOR MF 452/552;CONSUMIBLES COLOR
B4966000;COPIADORA d-Color MF 304;DIB1029;TONER AMARILLO d-Col.MF452/552 DI;CONSUMIBLES COLOR
B4966000;COPIADORA d-Color MF 304;DIB1051;BOTE RESIDUAL Bizhub C224,C284,C454,C258;CONSUMIBLES COLOR
B5570000;COPIADORA d-Copia 4200MF OLIVE;DIB0876;TONER d-Copia 4200/5200 MF DIC;CONSUMIBLES COLOR
B8932000;COPIADORA D-COLOR MF 222;DIB1051;BOTE RESIDUAL Bizhub C224,C284,C454,C258;CONSUMIBLES COLOR
BIZHUB C224;COPIADORA BIZHUB C224;DIB1036;TONER COMP.NEGRO d-COLOR MF222/282/362;CONSUMIBLES B/N
BIZHUB C224;COPIADORA BIZHUB C224;DIB1037;TONER COMP.CYAN d-COLOR MF222/282/362;CONSUMIBLES COLOR
BIZHUB C224;COPIADORA BIZHUB C224;DIB1038;TONER M D-COLOR MF222/282/362;CONSUMIBLES COLOR
BIZHUB C224;COPIADORA BIZHUB C224;DIB1039;TONER Y D-COLOR MF222/282/362;CONSUMIBLES COLOR
BIZHUB C224;COPIADORA BIZHUB C224;DIB1051;BOTE RESIDUAL Bizhub C224,C284,C454,C258;CONSUMIBLES COLOR
BIZHUB284;BIZHUB C 284 E;DIB1036;TONER COMP.NEGRO d-COLOR MF222/282/362;CONSUMIBLES B/N
BIZHUB284;BIZHUB C 284 E;DIB1037;TONER COMP.CYAN d-COLOR MF222/282/362;CONSUMIBLES COLOR
BIZHUB284;BIZHUB C 284 E;DIB1038;TONER M D-COLOR MF222/282/362;CONSUMIBLES COLOR
BIZHUB284;BIZHUB C 284 E;DIB1039;TONER Y D-COLOR MF222/282/362;CONSUMIBLES COLOR
BIZHUB454E;COPIADORA BIZHUB C 454 E;DITN514C;TONER CYAN BIZHUB C458/C558/C658;CONSUMIBLES COLOR
BIZHUB454E;COPIADORA BIZHUB C 454 E;DITN514K;TONER NEGRO BIZHUB C458/558/65;CONSUMIBLES COLOR
BIZHUB554E;COPIADORA KONICA BIZHUB 554E;10TN514C;TONER ORIG. CYAN BIZHUB C458, C558;CONSUMIBLES COLOR
BIZHUB554E;COPIADORA KONICA BIZHUB 554E;10TN514K;TONER ORIG. NEGRO BIZHUB C458, C558, C658;CONSUMIBLES B/N
BIZHUB554E;COPIADORA KONICA BIZHUB 554E;10TN514M;TONER ORIG. MAGENTA BIZHUB C458, C558;CONSUMIBLES COLOR
BIZHUB554E;COPIADORA KONICA BIZHUB 554E;10TN514Y;TONER ORIG. AMARILLO BIZHUB C458, C558;CONSUMIBLES COLOR
BIZHUB558;COPIADORA BIZHUB C 558;DITN514K;TONER NEGRO BIZHUB C458/558/65;CONSUMIBLES COLOR
BIZHUBC3350;COPIADORA BIZHUB C 3350;10TNP48K;TONER ORIG.NEGRO BIZHUB C3350, C338;CONSUMIBLES B/N
BIZHUBC3350;COPIADORA BIZHUB C 3350;10TNP48M;TONER ORIGINAL MA BIZHUB C3350;CONSUMIBLES COLOR
BIZHUBC3350;COPIADORA BIZHUB C 3350;10TNP48Y;TONER ORIGINAL YE BIZHUB C3350;CONSUMIBLES COLOR
BIZHUBC3350;COPIADORA BIZHUB C 3350;DIB1108;BOTE RESIDUAL C3350,C3850;CONSUMIBLES COLOR
BIZHUBC458;COPIADORA BIZHUB C 458;DIB1051;BOTE RESIDUAL Bizhub C224,C284,C454,C258;CONSUMIBLES COLOR
BIZHUBC458;COPIADORA BIZHUB C 458;DITN514C;TONER CYAN BIZHUB C458/C558/C658;CONSUMIBLES COLOR
BIZHUBC458;COPIADORA BIZHUB C 458;DITN514K;TONER NEGRO BIZHUB C458/558/65;CONSUMIBLES COLOR
BIZHUBC458;COPIADORA BIZHUB C 458;DITN558Y;TONER AMARILLO BIZHUB 558;CONSUMIBLES COLOR
BP50C26EU;COPIADORA SHARP MF A3 COLOR BP-50C26;BPGT70BA;BLACK TN 40K ATLAS TITAN;CONSUMIBLES COLOR
BP50C26EU;COPIADORA SHARP MF A3 COLOR BP-50C26;BPGT70CA;CYAN TN 24K ATLAS TITAN;CONSUMIBLES COLOR
BP50C26EU;COPIADORA SHARP MF A3 COLOR BP-50C26;BPGT70MA;MAGENTA TN 24K ATLAS TITAN;CONSUMIBLES COLOR
BP50C26EU;COPIADORA SHARP MF A3 COLOR BP-50C26;BPGT70YA;YELLOW TN 24K ATLAS TITAN;CONSUMIBLES COLOR
BP50C26EU;COPIADORA SHARP MF A3 COLOR BP-50C26;BPHB700;BOTE RESIDUAL SHARP ATLAS TITA;CONSUMIBLES B/N
BP50M55EU;COPIADORA SHARP MFP55B BP50M55;BPGT700;TONER BLACK 40K B ATLAS-TITAN;CONSUMIBLES COLOR
BP55C26EU;COPIADORA SHARP MFP 55C26;BPGT70BA;BLACK TN 40K ATLAS TITAN;CONSUMIBLES COLOR
BP55C26EU;COPIADORA SHARP MFP 55C26;BPGT70CA;CYAN TN 24K ATLAS TITAN;CONSUMIBLES COLOR
BP55C26EU;COPIADORA SHARP MFP 55C26;BPGT70MA;MAGENTA TN 24K ATLAS TITAN;CONSUMIBLES COLOR
BP55C26EU;COPIADORA SHARP MFP 55C26;BPGT70YA;YELLOW TN 24K ATLAS TITAN;CONSUMIBLES COLOR
BP70C31EU;COPIADORA SHARP MFP 31 CPM ATLAS DSPF EU;BPGT70BA;BLACK TN 40K ATLAS TITAN;CONSUMIBLES COLOR
BP70C31EU;COPIADORA SHARP MFP 31 CPM ATLAS DSPF EU;BPGT70CA;CYAN TN 24K ATLAS TITAN;CONSUMIBLES COLOR
BP70C31EU;COPIADORA SHARP MFP 31 CPM ATLAS DSPF EU;BPGT70MA;MAGENTA TN 24K ATLAS TITAN;CONSUMIBLES COLOR
BP70C31EU;COPIADORA SHARP MFP 31 CPM ATLAS DSPF EU;BPGT70YA;YELLOW TN 24K ATLAS TITAN;CONSUMIBLES COLOR
BP70C45EU;COPIADORA SHARP BP70C45EU MFP 45;BPGT70BA;BLACK TN 40K ATLAS TITAN;CONSUMIBLES COLOR
BP70C45EU;COPIADORA SHARP BP70C45EU MFP 45;BPGT70CA;CYAN TN 24K ATLAS TITAN;CONSUMIBLES COLOR
BP70C45EU;COPIADORA SHARP BP70C45EU MFP 45;BPGT70MA;MAGENTA TN 24K ATLAS TITAN;CONSUMIBLES COLOR
BP70C45EU;COPIADORA SHARP BP70C45EU MFP 45;BPGT70YA;YELLOW TN 24K ATLAS TITAN;CONSUMIBLES COLOR
BP70C45EU;COPIADORA SHARP BP70C45EU MFP 45;BPHB700;BOTE RESIDUAL SHARP ATLAS TITA;CONSUMIBLES B/N
BP70M65EU;COPIADORA SHARP MFP 65 B ATLAS;BPGT700;TONER BLACK 40K B ATLAS-TITAN;CONSUMIBLES COLOR
BP70M75EU;COPIADORA SHARP MONO75 BP70M75;BPGT705;BLACK TONER TAURUS 3;CONSUMIBLES COLOR
BRO8360P;FAX BROTHER 8360P;TN-6600;TONER FAX BROTHER 8360P;CONSUMIBLE NEGRO
C11CJ60407;ECOTANK ET-4856;C13T03R640;MULTIPACK 4 COLORES 102 ECOTANK;CONSUMIBLES COLOR
CB051A#BEF;IMPRESORA HP DESKJET OFFICEJET 6000;CD972AE;C.TINTA HP Officejet OJ/920/6500/7500A Cian (700 P ag.);CONSUMIBLES COLOR
CB051A#BEF;IMPRESORA HP DESKJET OFFICEJET 6000;CD973AE;C.TINTA HP Officejet OJ/920/6500/7500A Magenta (70 0 Pag.);CONSUMIBLES B/N
CB051A#BEF;IMPRESORA HP DESKJET OFFICEJET 6000;CD974AE;C.TINTA HP Officejet OJ/920/6500/7500A Amarillo (7 00 pag.);CONSUMIBLES COLOR
CB051A#BEF;IMPRESORA HP DESKJET OFFICEJET 6000;CD975AE;C.TINTA HP Officejet OJ/920/6500/7500A Negro (1.20 0 Pág.);CONSUMIBLE NEGRO
CP-D80DW;IMPRESORA MITSUBISHI CP-D80DW;CK-D868;CK-D868 ink ribbon roll+paper;CONSUMIBLES B/N
CS2436;PLOTTER OCE;29952264;TINTA OCE NEGRO MATE IJC236;CONSUMIBLES B/N
CS2436;PLOTTER OCE;29952265;TINTA OCE IJC236 NEGRO;CONSUMIBLES B/N
CS2436;PLOTTER OCE;29952266;TINTA OCE IJC236: CS2124 CS2136 CIAN 130ml;CONSUMIBLES COLOR
CS2436;PLOTTER OCE;29952267;TINTA OCE IJC236 MAGENTA 130ml;CONSUMIBLES COLOR
CS2436;PLOTTER OCE;29952268;TINTA OCE IJC236: CS2124 CS2136 AMARILLO 130ml;CONSUMIBLES COLOR
CS2436;PLOTTER OCE;C4844A;TINTA HP 10 NEGRO PLOTTER DESIGNJET 500 / 800;CONSUMIBLES B/N
CS2436;PLOTTER OCE;C4912A;TINTA HP 82 MAGENTA PLOTTER DESIGNJET 500/800;CONSUMIBLES COLOR
CS2436;PLOTTER OCE;C4913A;TINTA HP 82 AMARILLO PLOTTER DESIGNJET 500/800;CONSUMIBLES COLOR
D-COPIA4500MF;Olivetti d-copia 4500MF;1902LC0UN0;WT-860;CONSUMIBLES B/N
D-COPIA4500MF;Olivetti d-copia 4500MF;B0987;TONER D-COPIA 3500MF/4500/5500MF;CONSUMIBLES B/N
D-COPIA6000MF;Olivetti d-copia 6000MF;B1215;TONER NEGRO D-COPIA 4000 MF /5000 / 6000;CONSUMIBLES B/N
DC6235;TRIUMPH ADLER DC6235;1T02ML0NL0;TK-1140;CONSUMIBLES B/N
DREZ200;MULTICOPISTA RISO EZ 200;MREZRZ;MASTER RISO EZ RZ 200;CONSUMIBLES B/N
DREZ200;MULTICOPISTA RISO EZ 200;TREZRZ;TINTA RISO EZ RZ 200;CONSUMIBLES B/N
DRZ200;MULTICOPISTA RISO RZ 200;MREZRZ;MASTER RISO EZ RZ 200;CONSUMIBLES B/N
DRZ200;MULTICOPISTA RISO RZ 200;TREZRZ;TINTA RISO EZ RZ 200;CONSUMIBLES B/N
ECOSYS M6235cidn;ECOSYS M6235cidn;1T02TW0NL0;TK-5280K;CONSUMIBLES B/N
ECOSYS M6235cidn;ECOSYS M6235cidn;1T02TWANL0;TK-5280Y;CONSUMIBLES COLOR
ECOSYS M6235cidn;ECOSYS M6235cidn;1T02TWCNL0;TK-5280C;CONSUMIBLES COLOR
ECOSYS P3260dn;ECOSYS P3260dn;1T02T60NL1;TK-3190;CONSUMIBLES B/N
ECOSYS P3260dn;ECOSYS P3260dn;1T02X90NL0;TK-3200;CONSUMIBLES B/N
EZ-200E;RISO EZ-200E;S4250;C.MULTICOP RISO MASTER RZ200/300 (2 Rollos);CONSUMIBLES B/N
EZ-200E;RISO EZ-200E;S4253E;C.MULTICOP RISO TINTA NEGRA RZ (Pack 2);CONSUMIBLE NEGRO
F9A29A;PLOTTER HP DESIGNJET T730 36 PULGADAS;51642B;"HP Papel Polyester Mate (Mate Film) Rollo 36"", 36m. x 914mm";CONSUMIBLES B/N
F9A29A;PLOTTER HP DESIGNJET T730 36 PULGADAS;F9J68A;TINTA HP 728 NEGRO mate 300ml Designjet T730 T830;CONSUMIBLES B/N
F9A30D#B19;Plotter HP DesignJet T830 de 36 pulgadas;3WX25A;HP DESING T830, T730, 728 CARTUCHO NEGRO MATE 130ML;CONSUMIBLES B/N
FS-1010;FS-1010;1T02BX0EU0;TK-17;CONSUMIBLES B/N
FS-1018MFP;FS-1018MFP;370PU5KW;TK-100;CONSUMIBLES B/N
FS-1028MFP;FS-1028MFP;1T02HS0EU0;TK-130;CONSUMIBLES B/N
FS-1100;FS-1100;1T02H50EU0;TK-140;CONSUMIBLES B/N
FS-1128MFP;FS-1128MFP;1T02HS0EU0;TK-130;CONSUMIBLES B/N
FS-1128MFP;FS-1128MFP;1T02HS0EUC;TK-130;CONSUMIBLES B/N
FS-1500;FS-1500;370PU5KW;TK-100;CONSUMIBLES B/N
FS-3830N;FS-3830N;370QD0KX;TK-65;CONSUMIBLES B/N
FS-6530MFP;FS-6530MFP;1T02K30NL0;TK-475;CONSUMIBLES B/N
FS-6950D;FS-6950D;1T02F70EU0;TK-440;CONSUMIBLES B/N
FS-720;FS-720;1T02FV0DE1;TK-110E;CONSUMIBLES B/N
FS-820;FS-820;1T02FV0DE1;TK-110E;CONSUMIBLES B/N
FS-920;FS-920;1T02FV0DE0;TK-110;CONSUMIBLES B/N
FS-9520DN;FS-9520DN;370AC010;TK-70;CONSUMIBLES B/N
FS-C2026MFP;FS-C2026MFP;1T02KV0NL0;TK-590K;CONSUMIBLES B/N
FS-C2026MFP;FS-C2026MFP;1T02KVANL0;TK-590Y;CONSUMIBLES COLOR
FS-C2026MFP;FS-C2026MFP;1T02KVBNL0;TK-590M;CONSUMIBLES COLOR
FS-C2026MFP;FS-C2026MFP;1T02KVCNL0;TK-590C;CONSUMIBLES COLOR
FS-C2126MFP;FS-C2126MFP;1T02KV0NL0;TK-590K;CONSUMIBLES B/N
FS-C2126MFP;FS-C2126MFP;1T02KVANL0;TK-590Y;CONSUMIBLES COLOR
FS-C2126MFP;FS-C2126MFP;1T02KVBNL0;TK-590M;CONSUMIBLES COLOR
FS-C2126MFP;FS-C2126MFP;1T02KVCNL0;TK-590C;CONSUMIBLES COLOR
FS-C5016N;FS-C5016N;370PD0KW;TK-500K;CONSUMIBLES B/N
FS-C5016N;FS-C5016N;370PD3KW;TK-500Y;CONSUMIBLES COLOR
FS-C5016N;FS-C5016N;370PD4KW;TK-500M;CONSUMIBLES COLOR
FS-C5016N;FS-C5016N;370PD5KW;TK-500C;CONSUMIBLES COLOR
FS-C5020N;FS-C5020N;1T02F30EU0;TK-510K;CONSUMIBLES B/N
FS-C5020N;FS-C5020N;1T02F3AEU0;TK-510Y;CONSUMIBLES COLOR
FS-C5020N;FS-C5020N;1T02F3BEU0;TK-510M;CONSUMIBLES COLOR
FS-C5020N;FS-C5020N;1T02F3CEU0;TK-510C;CONSUMIBLES COLOR
FS-C5030DN;FS-C5030DN;1T02F30EU0;TK-510K;CONSUMIBLES B/N
FS-C5030DN;FS-C5030DN;1T02F3AEU0;TK-510Y;CONSUMIBLES COLOR
FS-C5030DN;FS-C5030DN;1T02F3BEU0;TK-510M;CONSUMIBLES COLOR
FS-C5030DN;FS-C5030DN;1T02F3CEU0;TK-510C;CONSUMIBLES COLOR
FS-C5030N;FS-C5030N;1T02F30EU0;TK-510K;CONSUMIBLES B/N
FS-C5030N;FS-C5030N;1T02F3AEU0;TK-510Y;CONSUMIBLES COLOR
FS-C5030N;FS-C5030N;1T02F3BEU0;TK-510M;CONSUMIBLES COLOR
FS-C5030N;FS-C5030N;1T02F3CEU0;TK-510C;CONSUMIBLES COLOR
FS9130DN;KYOCERA COLOR KKK KKK HH HH HH H HHH YYYY YYY;TK825K;TONER KYOCERA NEGRO;CONSUMIBLES B/N
HP-1200;HP-1200;C7115X;TONER HP-1200 (ORIG.3.500 Pag.);CONSUMIBLES B/N
HP-3600N;HP-3600N;Q6471A;TONER HP CIAN 4.000 PAG. LJ COLOR/3600;CONSUMIBLES COLOR
HP-3600N;HP-3600N;Q6472A;TONER HP AMARILLO 4.000 PAG. LJ COLOR/3600;CONSUMIBLES COLOR
HP DesignJet T630 24-in Printer;HP DesignJet T630 24-in Printer;3ED67A;Tinta plotter HP 712 Cian;CONSUMIBLES COLOR
HP DesignJet T630 24-in Printer;HP DesignJet T630 24-in Printer;3ED68A;Tinta plotter HP 712 Magenta;CONSUMIBLES COLOR
HP DesignJet T630 24-in Printer;HP DesignJet T630 24-in Printer;3ED69A;Tinta plotter HP 712 Amarillo;CONSUMIBLES COLOR
HP DesignJet T630 24-in Printer;HP DesignJet T630 24-in Printer;3ED71A;Tinta negra HP - 80 ml - HP 712;CONSUMIBLES COLOR
HPLJCOLOR3600;HP LJ COLOR 3600/3800;Q6470A;TONER HP NEGRO 6.000 Pag. LJ COLOR/3600/3800;CONSUMIBLES B/N
HPLJCOLOR3600;HP LJ COLOR 3600/3800;Q6473A;TONER HP MAGENTA 4.000 Pag. LJ COLOR/3600;CONSUMIBLES COLOR
HPP477DW;HP LaserJet MFP P477dw;128F6T81AE-P;CARTUCHO CYAN P477DW / 9452DW / P57750DWNº973X;CONSUMIBLES COLOR
HPP477DW;HP LaserJet MFP P477dw;128F6T82AE-P;CARTUCHO MAGENTA P477DW / P57750DWNº973X;CONSUMIBLES COLOR
HPP477DW;HP LaserJet MFP P477dw;128F6T83AE-P;CARTUCHO AMARILLO P477DW / P452DW / P5Nº973X;CONSUMIBLES COLOR
HPP477DW;HP LaserJet MFP P477dw;128L0S07AE-P;CARTUCHO NEGRO P477DW / P452DW / P57750DW Nº 973X;CONSUMIBLES B/N
HPP57750DW;HP MFP P57750 DW;128F6T81AE-P;CARTUCHO CYAN P477DW / 9452DW / P57750DWNº973X;CONSUMIBLES COLOR
HPP57750DW;HP MFP P57750 DW;128F6T82AE-P;CARTUCHO MAGENTA P477DW / P57750DWNº973X;CONSUMIBLES COLOR
HPP57750DW;HP MFP P57750 DW;128F6T83AE-P;CARTUCHO AMARILLO P477DW / P452DW / P5Nº973X;CONSUMIBLES COLOR
HPP57750DW;HP MFP P57750 DW;128L0S07AE-P;CARTUCHO NEGRO P477DW / P452DW / P57750DW Nº 973X;CONSUMIBLES B/N
I-1032;HP OFFICEJET PRO X476DW;CN625AE;TINTA Negra HP 970XL;CONSUMIBLES COLOR
I-1032;HP OFFICEJET PRO X476DW;CN626AE;Tinta Cian HP 971XL;CONSUMIBLES COLOR
I-1032;HP OFFICEJET PRO X476DW;CN627AE;Tinta Magenta HP 971XL;CONSUMIBLES COLOR
I-1032;HP OFFICEJET PRO X476DW;CN628AE;Tinta Amarilla HP 971XL;CONSUMIBLES COLOR
I-1033;MP C306ZSPF;842095;TONER NEGRO RICOH MPC 306 / 307 / 406 / 407;CONSUMIBLES COLOR
I-1033;MP C306ZSPF;842096;TONER CIAN RICOH MPC 306 / 307 / 406 / 407;CONSUMIBLES COLOR
I-1033;MP C306ZSPF;842097;TONER MAGENTA RICOH MPC 306 / 307 / 406 / 407;CONSUMIBLES COLOR
I-1033;MP C306ZSPF;842098;TONER AMARILLO RICOH MPC 306 / 307 / 406 / 407;CONSUMIBLES COLOR
I-1034;MPC4503SP;841853;TONER NEGRO RICOH MPC 4503 5503 4504 5504;CONSUMIBLES B/N
I-1034;MPC4503SP;841854;TONER AMARILLO RICOH MPC 4503 5503 4504 5504;CONSUMIBLES COLOR
I-1034;MPC4503SP;841855;TONER MAGENTA RICOH MPC 4503 5503 4504 5504;CONSUMIBLES COLOR
I-1034;MPC4503SP;841856;TONER CIAN RICOH MPC 4503 5503 4504 5504;CONSUMIBLES COLOR
I-1039;P2035D;1T02LY0NL0;TK-160;CONSUMIBLES B/N
I-1039;P2035D;1T02LY0NLC;TK-160;CONSUMIBLES B/N
I-1045;COPIADORA RICOH MPC2003ZSP;841925;TONER NEGRO RICOH MPC 2011 / 2003 / 2004 / 2503 /  2504;CONSUMIBLES B/N
I-1045;COPIADORA RICOH MPC2003ZSP;841926;TONER AMARILLO RICOH MPC 2011 / 2003 / 2004 / 2503  / 2504;CONSUMIBLES COLOR
I-1045;COPIADORA RICOH MPC2003ZSP;841927;TONER MAGENTA RICOH MPC 2011 / 2003 / 2004 / 2503  / 2504;CONSUMIBLES COLOR
I-1045;COPIADORA RICOH MPC2003ZSP;841928;TONER CIAN RICOH MPC 2011 / 2003 / 2004 / 2503 / 2 504;CONSUMIBLES COLOR
I-1049;RICOH MP 3554SP;841994;TONER RICOH MP 2554 / MP 3054 / MP 3554;CONSUMIBLE NEGRO
I-1049;RICOH MP 3554SP;842348;TONER NEGRO MP3554;CONSUMIBLES B/N
I-1049;RICOH MP 3554SP;842770;PRINT CARTRIDGE BLACK MP 3554;CONSUMIBLES B/N
I-1064;SPC440DN;821279;TONER RICOH NEGRO SPC440cn SPC430dn SPC431dn;CONSUMIBLES B/N
I-1064;SPC440DN;821280;TONER CIAN RICO SPC430;CONSUMIBLES COLOR
I-1064;SPC440DN;821281;TONER MAGENTA RICOH SPC430;CONSUMIBLES COLOR
I-1064;SPC440DN;821282;TONER AMARILLO RICOH SPC430;CONSUMIBLES COLOR
I-1076;MPC5502;842020;TONER RICOH NEGRO MPC 4502 / 5502;CONSUMIBLES B/N
I-1076;MPC5502;842021;TONER AMARILLO MPC4502/5502;CONSUMIBLES COLOR
I-1076;MPC5502;842022;TONER MAGENTA MPC4502/5502;CONSUMIBLES COLOR
I-1076;MPC5502;842023;TONER CIAN MPC4502/5502;CONSUMIBLES COLOR
I-1078;MPC 4502;842020;TONER RICOH NEGRO MPC 4502 / 5502;CONSUMIBLES B/N
I-1078;MPC 4502;842021;TONER AMARILLO MPC4502/5502;CONSUMIBLES COLOR
I-1078;MPC 4502;842022;TONER MAGENTA MPC4502/5502;CONSUMIBLES COLOR
I-1078;MPC 4502;842023;TONER CIAN MPC4502/5502;CONSUMIBLES COLOR
I-1080;ECOSYS M3040IDN;1T02NX0NL0;TK-3150;CONSUMIBLES B/N
I-1087;TASKALFA 8001I;1T02LF0NL0;TK-6705;CONSUMIBLES B/N
I-1088;P7040CDN;1T02NT0NL0;TK-5160K;CONSUMIBLES B/N
I-1088;P7040CDN;1T02NTANL0;TK-5160Y;CONSUMIBLES COLOR
I-1088;P7040CDN;1T02NTBNL0;TK-5160M;CONSUMIBLES COLOR
I-1088;P7040CDN;1T02NTCNL0;TK-5160C;CONSUMIBLES COLOR
I-1091;TASKALFA 356CI;1902R60UN0;WT-5190;CONSUMIBLES B/N
I-1091;TASKALFA 356CI;1T02R50NL0;TK-5205K;CONSUMIBLES B/N
I-1091;TASKALFA 356CI;1T02R5ANL0;TK-5205Y;CONSUMIBLES COLOR
I-1091;TASKALFA 356CI;1T02R5BNL0;TK-5205M;CONSUMIBLES COLOR
I-1091;TASKALFA 356CI;1T02R5CNL0;TK-5205C;CONSUMIBLES COLOR
I-1092;MP C5504SP;841853;TONER NEGRO RICOH MPC 4503 5503 4504 5504;CONSUMIBLES B/N
I-1092;MP C5504SP;841854;TONER AMARILLO RICOH MPC 4503 5503 4504 5504;CONSUMIBLES COLOR
I-1092;MP C5504SP;841855;TONER MAGENTA RICOH MPC 4503 5503 4504 5504;CONSUMIBLES COLOR
I-1092;MP C5504SP;841856;TONER CIAN RICOH MPC 4503 5503 4504 5504;CONSUMIBLES COLOR
I-1095;MPC3004SP;841817;TONER NEGRO RICOH MPC 3003 / 3503 / 3004 / 3504;CONSUMIBLES B/N
I-1095;MPC3004SP;841818;TONER AMARILLO RICOH MPC 3003 / 3503 / 3004 / 3504;CONSUMIBLES COLOR
I-1095;MPC3004SP;841819;TONER MAGENTA RICOH MPC 3003 / 3503 / 3004 / 3504;CONSUMIBLES COLOR
I-1095;MPC3004SP;841820;TONER CIAN RICOH MPC 3003 / 3503 / 3004 / 3504;CONSUMIBLES COLOR
I-1102;TASKALFA 4002I;1902ND0UN0;WT-8500;CONSUMIBLES B/N
I-1102;TASKALFA 4002I;1T02NK0NL0;TK-6325;CONSUMIBLES B/N
I-1102SG3NL0;KYOCERA ECOSYS M2735dw;1T02RV0NL0;TK-1150;CONSUMIBLES B/N
I-1102V83NL0;KYOCERA TASKALFA 6053ci;1902ND0UN0;WT-8500;CONSUMIBLES B/N
I-1102V83NL0;KYOCERA TASKALFA 6053ci;1T02ND0NL0;TK-8515K;CONSUMIBLES B/N
I-1102V83NL0;KYOCERA TASKALFA 6053ci;1T02NDANL1;TK-8515Y;CONSUMIBLES COLOR
I-1102V83NL0;KYOCERA TASKALFA 6053ci;1T02NDBNL1;TK-8515M;CONSUMIBLES COLOR
I-1102V83NL0;KYOCERA TASKALFA 6053ci;1T02NDCNL1;TK-8515C;CONSUMIBLES COLOR
I-1102X93NL0;M3860idn;1T02T60NLC;TK-3190;CONSUMIBLES B/N
I-1102X93NL0;M3860idn;1T02T90NLC;TK-3160;CONSUMIBLES B/N
I-1102X93NL0;M3860idn;1T02X90NL0;TK-3200;CONSUMIBLES B/N
I-1102XN3NL0;TASKALFA 8353ci;1902K90UN0;WT-861;CONSUMIBLES B/N
I-1102XN3NL0;TASKALFA 8353ci;1T02XN0NL0;TK-8735K;CONSUMIBLES B/N
I-1102XN3NL0;TASKALFA 8353ci;1T02XNANL0;TK-8735Y;CONSUMIBLES COLOR
I-1102XN3NL0;TASKALFA 8353ci;1T02XNBNL0;TK-8735M;CONSUMIBLES COLOR
I-1102XN3NL0;TASKALFA 8353ci;1T02XNCNL0;TK-8735C;CONSUMIBLES COLOR
I-1102YS3NL0;TASKALFA 5004i;1902ND0UN0;WT-8500;CONSUMIBLES B/N
I-1102YS3NL0;TASKALFA 5004i;1T02XF0NL0;TK-6345;CONSUMIBLES B/N
I-1102YV3NL0;KYOCERA ECOSYS PA2001W;1T02Y80NL0;TK-1248;CONSUMIBLES B/N
I-1102ZS3NL0;MZ4000i - NO USAR;1T02ZS0NL0;TK-7235;CONSUMIBLES B/N
I-1105;HP MFP P477DW PAGEWIDE;128F6T81AE-P;CARTUCHO CYAN P477DW / 9452DW / P57750DWNº973X;CONSUMIBLES COLOR
I-1105;HP MFP P477DW PAGEWIDE;128F6T82AE-P;CARTUCHO MAGENTA P477DW / P57750DWNº973X;CONSUMIBLES COLOR
I-1105;HP MFP P477DW PAGEWIDE;128F6T83AE-P;CARTUCHO AMARILLO P477DW / P452DW / P5Nº973X;CONSUMIBLES COLOR
I-1105;HP MFP P477DW PAGEWIDE;128L0S07AE-P;CARTUCHO NEGRO P477DW / P452DW / P57750DW Nº 973X;CONSUMIBLES B/N
I-1105;HP MFP P477DW PAGEWIDE;128L0S07AEP;TONER NEGRO P477DW/P452DW/P57750DWNº973X;CONSUMIBLES B/N
I-1105;HP MFP P477DW PAGEWIDE;31660;HP PRO 477 Nº973X NEGRO;CONSUMIBLES COLOR
I-1105;HP MFP P477DW PAGEWIDE;31661;HP PRO 477 Nº973X CIAN;CONSUMIBLES COLOR
I-1105;HP MFP P477DW PAGEWIDE;31662;HP PRO 477 Nº973X MAGENTA;CONSUMIBLES COLOR
I-1105;HP MFP P477DW PAGEWIDE;31664;HP PRO 477 Nº973X AMARILLO;CONSUMIBLES COLOR
I-1105;HP MFP P477DW PAGEWIDE;B5L09A;HP UNIDAD RECOGIDA RESIDUAL TINTA P477/P577;CONSUMIBLES B/N
I-1109;MPC2004SP;841925;TONER NEGRO RICOH MPC 2011 / 2003 / 2004 / 2503 /  2504;CONSUMIBLES B/N
I-1109;MPC2004SP;841926;TONER AMARILLO RICOH MPC 2011 / 2003 / 2004 / 2503  / 2504;CONSUMIBLES COLOR
I-1109;MPC2004SP;841927;TONER MAGENTA RICOH MPC 2011 / 2003 / 2004 / 2503  / 2504;CONSUMIBLES COLOR
I-1109;MPC2004SP;841928;TONER CIAN RICOH MPC 2011 / 2003 / 2004 / 2503 / 2 504;CONSUMIBLES COLOR
I-1110;TASKALFA 3011I;1T02P80NL0;TK-7105;CONSUMIBLES B/N
I-1111;TASKALFA 3252CI;1902ND0UN0;WT-8500;CONSUMIBLES B/N
I-1111;TASKALFA 3252CI;1T02RL0NL0;TK-8335K;CONSUMIBLES B/N
I-1111;TASKALFA 3252CI;1T02RLANL1;TK-8335Y;CONSUMIBLES COLOR
I-1111;TASKALFA 3252CI;1T02RLBNL1;TK-8335M;CONSUMIBLES COLOR
I-1111;TASKALFA 3252CI;1T02RLCNL1;TK-8335C;CONSUMIBLES COLOR
I-1113;TASKALFA 5052CI;1902ND0UN0;WT-8500;CONSUMIBLES B/N
I-1113;TASKALFA 5052CI;1T02ND0NL0;TK-8515K;CONSUMIBLES B/N
I-1113;TASKALFA 5052CI;1T02NDANL1;TK-8515Y;CONSUMIBLES COLOR
I-1113;TASKALFA 5052CI;1T02NDBNL1;TK-8515M;CONSUMIBLES COLOR
I-1113;TASKALFA 5052CI;1T02NDCNL1;TK-8515C;CONSUMIBLES COLOR
I-1114;TASKALFA 2552CI;1902ND0UN0;WT-8500;CONSUMIBLES B/N
I-1114;TASKALFA 2552CI;1T02L70NL0;TK-8345K;CONSUMIBLES B/N
I-1114;TASKALFA 2552CI;1T02L7ANL1;TK-8345Y;CONSUMIBLES COLOR
I-1114;TASKALFA 2552CI;1T02L7BNL1;TK-8345M;CONSUMIBLES COLOR
I-1114;TASKALFA 2552CI;1T02L7CNL1;TK-8345C;CONSUMIBLES COLOR
I-1115;M6030CDN;1T02NR0NL0;TK-5140K;CONSUMIBLES B/N
I-1115;M6030CDN;1T02NRANL0;TK-5140Y;CONSUMIBLES COLOR
I-1115;M6030CDN;1T02NRBNL0;TK-5140M;CONSUMIBLES COLOR
I-1115;M6030CDN;1T02NRCNL0;TK-5140C;CONSUMIBLES COLOR
I-1117;TASKALFA 6002I;1902ND0UN0;WT-8500;CONSUMIBLES B/N
I-1117;TASKALFA 6002I;1T02NK0NL0;TK-6325;CONSUMIBLES B/N
I-1119;MPC 3502;842016;TONER NEGRO RICOH MPC 3002 / 3502;CONSUMIBLES B/N
I-1119;MPC 3502;842017;TONER AMARILLO RICOH MPC 3002 / 3502;CONSUMIBLES COLOR
I-1119;MPC 3502;842018;TONER MAGENTA RICOH MPC 3002 / 3502;CONSUMIBLES COLOR
I-1119;MPC 3502;842019;TONER CIAN RICOH MPC 3002 / 3502;CONSUMIBLES COLOR
I-1120;TASKALFA 5002I;1902ND0UN0;WT-8500;CONSUMIBLES B/N
I-1120;TASKALFA 5002I;1T02NK0NL0;TK-6325;CONSUMIBLES B/N
I-1123;M2040DN;1T02S50NL0;TK-1170;CONSUMIBLES B/N
I-1124;RICOH IMC5500;842283;TONER NEGRO IM C6000;CONSUMIBLES B/N
I-1124;RICOH IMC5500;842284;TONER AMARILLO IM C6000;CONSUMIBLES COLOR
I-1124;RICOH IMC5500;842285;TONER MAGENTA IM C6000;CONSUMIBLES COLOR
I-1124;RICOH IMC5500;842286;TONER CIAN IM C6000;CONSUMIBLES COLOR
I-1125;P5021CDW;1T02R90NL0;TK-5230K;CONSUMIBLES COLOR
I-1125;P5021CDW;1T02R90NL1;TK-5220K;CONSUMIBLES COLOR
I-1125;P5021CDW;1T02R9ANL0;TK-5230Y;CONSUMIBLES COLOR
I-1125;P5021CDW;1T02R9ANL1;TK-5220Y;CONSUMIBLES COLOR
I-1125;P5021CDW;1T02R9BNL0;TK-5230M;CONSUMIBLES COLOR
I-1125;P5021CDW;1T02R9BNL1;TK-5220M;CONSUMIBLES COLOR
I-1125;P5021CDW;1T02R9CNL0;TK-5230C;CONSUMIBLES COLOR
I-1126;ECOSYS P3055DN;1T02T60NL1;TK-3190;CONSUMIBLES B/N
I-1126;ECOSYS P3055DN;1T02T60NLC;TK-3190;CONSUMIBLES B/N
I-1129;TASKALFA 8002I;1902K90UN0;WT-861;CONSUMIBLES B/N
I-1129;TASKALFA 8002I;1T02NJ0NL0;TK-6725;CONSUMIBLES B/N
I-1131;M3560IDN;1T02LV0NL0;TK-3130;CONSUMIBLES B/N
I-1133;MP6503;842346;TONER MP 9002 - IM 7000 - 7502;CONSUMIBLES B/N
I-1134;SP 3600DN;407318;TONER RICOH SP 4500 // 4510;CONSUMIBLES B/N
I-1138;RICOH MPC6003;841853;TONER NEGRO RICOH MPC 4503 5503 4504 5504;CONSUMIBLES B/N
I-1138;RICOH MPC6003;841854;TONER AMARILLO RICOH MPC 4503 5503 4504 5504;CONSUMIBLES COLOR
I-1138;RICOH MPC6003;841855;TONER MAGENTA RICOH MPC 4503 5503 4504 5504;CONSUMIBLES COLOR
I-1138;RICOH MPC6003;841856;TONER CIAN RICOH MPC 4503 5503 4504 5504;CONSUMIBLES COLOR
I-1139;P3045DN;1T02T90NL1;TK-3160;CONSUMIBLES B/N
I-1140;P4040DN;1T02P70NL0;TK-7300;CONSUMIBLES B/N
I-1142;M5521CDW;1T02R90NL0;TK-5230K;CONSUMIBLES COLOR
I-1142;M5521CDW;1T02R9ANL0;TK-5230Y;CONSUMIBLES COLOR
I-1142;M5521CDW;1T02R9BNL0;TK-5230M;CONSUMIBLES COLOR
I-1142;M5521CDW;1T02R9CNL0;TK-5230C;CONSUMIBLES COLOR
I-1143;M2540DN;1T02S50NL0;TK-1170;CONSUMIBLES B/N
I-1145;M3040DN;1T02MS0NL0;TK-3100;CONSUMIBLES B/N
I-1147;P2135D;1T02LZ0NLC;TK-170;CONSUMIBLES B/N
I-1148;HP M477FDN;CF413A;HP LASERJET 410A TONER MAGENTA;CONSUMIBLES COLOR
I-1155;KYOCERA TASKALFA 308CI;1902R60UN0;WT-5190;CONSUMIBLES B/N
I-1155;KYOCERA TASKALFA 308CI;1T02R40NL0;TK-5195K;CONSUMIBLES B/N
I-1155;KYOCERA TASKALFA 308CI;1T02R4ANL0;TK-5195Y;CONSUMIBLES COLOR
I-1155;KYOCERA TASKALFA 308CI;1T02R4BNL0;TK-5195M;CONSUMIBLES COLOR
I-1155;KYOCERA TASKALFA 308CI;1T02R4CNL0;TK-5195C;CONSUMIBLES COLOR
I-1157;KYOCERA TASKALFA 352CI;1T02ZL0NL0;TK-5345K;CONSUMIBLES B/N
I-1157;KYOCERA TASKALFA 352CI;1T02ZLANL0;TK-5345Y;CONSUMIBLES COLOR
I-1157;KYOCERA TASKALFA 352CI;1T02ZLBNL0;TK-5345M;CONSUMIBLES COLOR
I-1157;KYOCERA TASKALFA 352CI;1T02ZLCNL0;TK-5345C;CONSUMIBLES COLOR
I-1166;EPSON WORKFORCE PRO WF-C5790DWF;C13T944140;EPSON WF-C5XXX SERIES TONER NEGRO (L);CONSUMIBLES B/N
I-1166;EPSON WORKFORCE PRO WF-C5790DWF;C13T944240;EPSON WF-C5XXX SERIES INK TONER CIAN (L);CONSUMIBLES COLOR
I-1166;EPSON WORKFORCE PRO WF-C5790DWF;C13T944340;EPSON WF-C5XXX SERIES INK TONER MAGENTA (L);CONSUMIBLES COLOR
I-1166;EPSON WORKFORCE PRO WF-C5790DWF;C13T944440;EPSON WF-C5XXX SERIES INK TONER AMARILLO (L);CONSUMIBLES COLOR
I-1603TL0NL0;KYOCERA TASKALFA 3554CI;1902ND0UN0;WT-8500;CONSUMIBLES B/N
I-1603TL0NL0;KYOCERA TASKALFA 3554CI;1T02XD0NL0;TK-8375K;CONSUMIBLES COLOR
I-1603TL0NL0;KYOCERA TASKALFA 3554CI;1T02XDANL0;TK-8375Y;CONSUMIBLES COLOR
I-1603TL0NL0;KYOCERA TASKALFA 3554CI;1T02XDBNL0;TK-8375M;CONSUMIBLES COLOR
I-1603TL0NL0;KYOCERA TASKALFA 3554CI;1T02XDCNL0;TK-8375C;CONSUMIBLES COLOR
I-216;MPC2500AD;3010047;TONER NEGRO MPC2500 / MPC3000;CONSUMIBLES B/N
I-216;MPC2500AD;842030;TONER NEGRO RICOH MPC 2500 3000;CONSUMIBLES B/N
I-216;MPC2500AD;842031;TONER AMRILLO RICOH MPC 2500 3000;CONSUMIBLES COLOR
I-216;MPC2500AD;842032;TONER MAGENTA RICOH MPC 2500 3000;CONSUMIBLES COLOR
I-216;MPC2500AD;842033;TONER CIAN RICOH MPC 2500 3000;CONSUMIBLES COLOR
I-224;MPC4500AD;3010023;TONER NEGRO MPC3500/4500;CONSUMIBLES B/N
I-224;MPC4500AD;3010025;TONER MAGENTA MPC3500/4500;CONSUMIBLES COLOR
I-532;MPC2800AD;842043;TONER NEGRO RICOH MPC 2800 / 3300;CONSUMIBLES COLOR
I-532;MPC2800AD;842044;TONER RICOH AMARILLO MPC 3300 2800 3001 3501;CONSUMIBLES COLOR
I-532;MPC2800AD;842045;TONER RICOH MAGENTA MPC 3300 2800 3001 3501;CONSUMIBLES COLOR
I-532;MPC2800AD;842046;TONER RICOH CIAN MPC 3300 2800 3001 3501;CONSUMIBLES COLOR
I-549;MPC2050;841196;TONER RICOH NEGRO MPC 2030 / 2050 / 2530 / 2550 / 2551;CONSUMIBLES COLOR
I-549;MPC2050;842469;TONER RICOH NEGRO MPC2050/2030/2550;CONSUMIBLES B/N
I-571102RB3NL0;KYOCERA ECOSYS P5026CDW;1T02R70NL0;TK-5240K;CONSUMIBLES B/N
I-571102RB3NL0;KYOCERA ECOSYS P5026CDW;1T02R7ANL0;TK-5240Y;CONSUMIBLES COLOR
I-571102RB3NL0;KYOCERA ECOSYS P5026CDW;1T02R7BNL0;TK-5240M;CONSUMIBLES COLOR
I-571102RB3NL0;KYOCERA ECOSYS P5026CDW;1T02R7CNL0;TK-5240C;CONSUMIBLES COLOR
I-571102RC3NL0;ECOSYS P5026CDN;1T02R70NL0;TK-5240K;CONSUMIBLES B/N
I-571102RC3NL0;ECOSYS P5026CDN;1T02R7ANL0;TK-5240Y;CONSUMIBLES COLOR
I-571102RC3NL0;ECOSYS P5026CDN;1T02R7BNL0;TK-5240M;CONSUMIBLES COLOR
I-571102RC3NL0;ECOSYS P5026CDN;1T02R7CNL0;TK-5240C;CONSUMIBLES COLOR
I-571102WD3NL0;P3260DN;1T02T60NLC;TK-3190;CONSUMIBLES B/N
I-571102WD3NL0;P3260DN;1T02X90NL0;TK-3200;CONSUMIBLES B/N
I-583;MPC2550;841196;TONER RICOH NEGRO MPC 2030 / 2050 / 2530 / 2550 / 2551;CONSUMIBLES COLOR
I-583;MPC2550;841199;TONER RICOH AMARILLO MPC 2030 / 2050 / 2530 / 2550 / 2551;CONSUMIBLES COLOR
I-6052CI;KYOCERA TASKALFA 6052CI;1902ND0UN0;WT-8500;CONSUMIBLES B/N
I-6052CI;KYOCERA TASKALFA 6052CI;1T02ND0NL0;TK-8515K;CONSUMIBLES B/N
I-6052CI;KYOCERA TASKALFA 6052CI;1T02NDANL1;TK-8515Y;CONSUMIBLES COLOR
I-6052CI;KYOCERA TASKALFA 6052CI;1T02NDBNL1;TK-8515M;CONSUMIBLES COLOR
I-6052CI;KYOCERA TASKALFA 6052CI;1T02NDCNL1;TK-8515C;CONSUMIBLES COLOR
I-610;TASKALFA 250CI;1T02JZ0EU0;TK-865K;CONSUMIBLES B/N
I-610;TASKALFA 250CI;1T02JZAEU0;TK-865Y;CONSUMIBLES COLOR
I-610;TASKALFA 250CI;1T02JZBEU0;TK-865M;CONSUMIBLES COLOR
I-610;TASKALFA 250CI;1T02JZCEU0;TK-865C;CONSUMIBLES COLOR
I-611;FS-1128MFP/SP;1T02HS0EUC;TK-130;CONSUMIBLES B/N
I-612;TASKALFA 221;1T02KH0NL0;TK-435;CONSUMIBLES B/N
I-613;KYOCERA FS-C5300DN;1T02HN0EU0;TK-560K;CONSUMIBLES B/N
I-613;KYOCERA FS-C5300DN;1T02HNAEU0;TK-560Y;CONSUMIBLES COLOR
I-613;KYOCERA FS-C5300DN;1T02HNBEU0;TK-560M;CONSUMIBLES COLOR
I-613;KYOCERA FS-C5300DN;1T02HNCEU0;TK-560C;CONSUMIBLES COLOR
I-618;TASKALFA 181;1T02KH0NL0;TK-435;CONSUMIBLES B/N
I-651;M2535DN;1T02ML0NLC;TK-1140;CONSUMIBLES B/N
I-663;TASKALFA 300I;1T02K50NL0;TK-685;CONSUMIBLES B/N
I-677;TASKALFA 181 SCAN;1T02KH0NL0;TK-435;CONSUMIBLES B/N
I-680;TASKALFA 221 SCAN;1T02KH0NL0;TK-435;CONSUMIBLES B/N
I-713;TASKALFA 620;1T02KP0NL0;TK-665;CONSUMIBLES B/N
I-766;TASKALFA 3050CI;1902LC0UN0;WT-860;CONSUMIBLES B/N
I-766;TASKALFA 3050CI;1T02LK0NLC;TK-8305K;CONSUMIBLES B/N
I-766;TASKALFA 3050CI;1T02LKANL0;TK-8305Y;CONSUMIBLES COLOR
I-766;TASKALFA 3050CI;1T02LKBNL0;TK-8305M;CONSUMIBLES COLOR
I-766;TASKALFA 3050CI;1T02LKCNL0;TK-8305C;CONSUMIBLES COLOR
I-770;TASKALFA 6500I;1T02LF0NL0;TK-6705;CONSUMIBLES B/N
I-784;TASKALFA 4500I;1902LC0UN0;WT-860;CONSUMIBLES B/N
I-784;TASKALFA 4500I;1T02LH0NL1;TK-6305;CONSUMIBLES B/N
I-786;TASKALFA 8000I;1T02LF0NL0;TK-6705;CONSUMIBLES B/N
I-792;TASKALFA 4550CI;1902LC0UN0;WT-860;CONSUMIBLES B/N
I-792;TASKALFA 4550CI;1T02LC0NLC;TK-8505K;CONSUMIBLES B/N
I-805;FS-1135MFP/SP;1T02ML0NLC;TK-1140;CONSUMIBLES B/N
I-815;MP4001;842239;TONER NEGRO RICOH MP4000 A MP5002;CONSUMIBLES B/N
I-823;TASKALFA 3550CI;1902LC0UN0;WT-860;CONSUMIBLES B/N
I-823;TASKALFA 3550CI;1T02LK0NLC;TK-8305K;CONSUMIBLES B/N
I-823;TASKALFA 3550CI;1T02LKANL0;TK-8305Y;CONSUMIBLES COLOR
I-823;TASKALFA 3550CI;1T02LKBNL0;TK-8305M;CONSUMIBLES COLOR
I-823;TASKALFA 3550CI;1T02LKCNL0;TK-8305C;CONSUMIBLES COLOR
I-836;SPC430DN;406665;BOTE RESIDUAL RICOH SPC430;CONSUMIBLES B/N
I-836;SPC430DN;821279;TONER RICOH NEGRO SPC440cn SPC430dn SPC431dn;CONSUMIBLES B/N
I-836;SPC430DN;821280;TONER CIAN RICO SPC430;CONSUMIBLES COLOR
I-836;SPC430DN;821281;TONER MAGENTA RICOH SPC430;CONSUMIBLES COLOR
I-836;SPC430DN;821282;TONER AMARILLO RICOH SPC430;CONSUMIBLES COLOR
I-843;MPC305SPF;842079;TONER NEGRO RICOH MPC 305;CONSUMIBLES B/N
I-843;MPC305SPF;842080;TONER AMARILLO RICOH MPC 305;CONSUMIBLES COLOR
I-843;MPC305SPF;842081;TONER MAGENTA RICOH MPC 305;CONSUMIBLES COLOR
I-843;MPC305SPF;842082;TONER CIAN RICOH MPC 305;CONSUMIBLES COLOR
I-859;MPC3002AD;842016;TONER NEGRO RICOH MPC 3002 / 3502;CONSUMIBLES B/N
I-859;MPC3002AD;842017;TONER AMARILLO RICOH MPC 3002 / 3502;CONSUMIBLES COLOR
I-859;MPC3002AD;842018;TONER MAGENTA RICOH MPC 3002 / 3502;CONSUMIBLES COLOR
I-859;MPC3002AD;842019;TONER CIAN RICOH MPC 3002 / 3502;CONSUMIBLES COLOR
I-860;FS-1320MFP;1T02M50NL1;TK-1115;CONSUMIBLES B/N
I-860;FS-1320MFP;1T02M50NLV;TK-1115;CONSUMIBLES B/N
I-871;MPC3003SP;841817;TONER NEGRO RICOH MPC 3003 / 3503 / 3004 / 3504;CONSUMIBLES B/N
I-871;MPC3003SP;841818;TONER AMARILLO RICOH MPC 3003 / 3503 / 3004 / 3504;CONSUMIBLES COLOR
I-871;MPC3003SP;841819;TONER MAGENTA RICOH MPC 3003 / 3503 / 3004 / 3504;CONSUMIBLES COLOR
I-871;MPC3003SP;841820;TONER CIAN RICOH MPC 3003 / 3503 / 3004 / 3504;CONSUMIBLES COLOR
I-881;TASKALFA 520I;1T02KR0NL0;TK-725;CONSUMIBLES B/N
I-882;TASKALFA 3501I;1902LC0UN0;WT-860;CONSUMIBLES B/N
I-882;TASKALFA 3501I;1T02LH0NL0;TK-6305;CONSUMIBLES B/N
I-882;TASKALFA 3501I;1T02LH0NL1;TK-6305;CONSUMIBLES B/N
I-883;TASKALFA 3051CI;1902LC0UN0;WT-860;CONSUMIBLES B/N
I-883;TASKALFA 3051CI;1T02LK0NLC;TK-8305K;CONSUMIBLES B/N
I-883;TASKALFA 3051CI;1T02LKANL0;TK-8305Y;CONSUMIBLES COLOR
I-883;TASKALFA 3051CI;1T02LKBNL0;TK-8305M;CONSUMIBLES COLOR
I-883;TASKALFA 3051CI;1T02LKCNL0;TK-8305C;CONSUMIBLES COLOR
I-899;TASKALFA 3010I;1T02P80NL0;TK-7105;CONSUMIBLES B/N
I-902;TASKALFA 2551CI;1T02NP0NL0;TK-8325K;CONSUMIBLES B/N
I-902;TASKALFA 2551CI;1T02NPANL0;TK-8325Y;CONSUMIBLES COLOR
I-902;TASKALFA 2551CI;1T02NPBNL0;TK-8325M;CONSUMIBLES COLOR
I-902;TASKALFA 2551CI;1T02NPCNL0;TK-8325C;CONSUMIBLES COLOR
I-909;TASKALFA 6501I;1T02LF0NL0;TK-6705;CONSUMIBLES B/N
I-910;TASKALFA 4501I;1902LC0UN0;WT-860;CONSUMIBLES B/N
I-910;TASKALFA 4501I;1T02LH0NL1;TK-6305;CONSUMIBLES B/N
I-920;TASKALFA 5500I;1902LC0UN0;WT-860;CONSUMIBLES B/N
I-920;TASKALFA 5500I;1T02LH0NL0;TK-6305;CONSUMIBLES B/N
I-920;TASKALFA 5500I;1T02LH0NL1;TK-6305;CONSUMIBLES B/N
I-921;P7035CDN;1T02H0AEU0;TK-570Y;CONSUMIBLES COLOR
I-921;P7035CDN;1T02H0BEU0;TK-570M;CONSUMIBLES COLOR
I-921;P7035CDN;1T02HG0EU0;TK-570K;CONSUMIBLES B/N
I-921;P7035CDN;1T02HGCEU0;TK-570C;CONSUMIBLES COLOR
I-922;MPC3503SP;841817;TONER NEGRO RICOH MPC 3003 / 3503 / 3004 / 3504;CONSUMIBLES B/N
I-922;MPC3503SP;841818;TONER AMARILLO RICOH MPC 3003 / 3503 / 3004 / 3504;CONSUMIBLES COLOR
I-922;MPC3503SP;841819;TONER MAGENTA RICOH MPC 3003 / 3503 / 3004 / 3504;CONSUMIBLES COLOR
I-922;MPC3503SP;841820;TONER CIAN RICOH MPC 3003 / 3503 / 3004 / 3504;CONSUMIBLES COLOR
I-923;P6026CDN;1T02KV0NL0;TK-590K;CONSUMIBLES B/N
I-923;P6026CDN;1T02KVANL0;TK-590Y;CONSUMIBLES COLOR
I-923;P6026CDN;1T02KVBNL0;TK-590M;CONSUMIBLES COLOR
I-923;P6026CDN;1T02KVCNL0;TK-590C;CONSUMIBLES COLOR
I-924;PRO C5100S;828225;TONER NEGRO RICOH PRO C5100/5100S;CONSUMIBLES COLOR
I-924;PRO C5100S;828226;TONER AMARILLO RICOH PRO C5100/5100S;CONSUMIBLES COLOR
I-924;PRO C5100S;828227;TONER MAGENTA RICOH PRO C5100/5100S;CONSUMIBLES COLOR
I-924;PRO C5100S;828228;TONER CYAN RICOH PRO C5100/5100S;CONSUMIBLES COLOR
I-924;PRO C5100S;828402;TONER RICOH PRO C5100 NEGRO;CONSUMIBLES B/N
I-924;PRO C5100S;828403;TONER RICOH PRO C5100 AMARILLO;CONSUMIBLES COLOR
I-925;M2035DN;1T02ML0NLC;TK-1140;CONSUMIBLES B/N
I-934;PRO C5110S;828225;TONER NEGRO RICOH PRO C5100/5100S;CONSUMIBLES COLOR
I-934;PRO C5110S;828226;TONER AMARILLO RICOH PRO C5100/5100S;CONSUMIBLES COLOR
I-934;PRO C5110S;828227;TONER MAGENTA RICOH PRO C5100/5100S;CONSUMIBLES COLOR
I-934;PRO C5110S;828228;TONER CYAN RICOH PRO C5100/5100S;CONSUMIBLES COLOR
I-934;PRO C5110S;828402;TONER RICOH PRO C5100 NEGRO;CONSUMIBLES B/N
I-934;PRO C5110S;828403;TONER RICOH PRO C5100 AMARILLO;CONSUMIBLES COLOR
I-934;PRO C5110S;828404;TONER RICOH PRO C5100 MAGENTA;CONSUMIBLES COLOR
I-934;PRO C5110S;828405;TONER RICOH PRO C5100 CIAN;CONSUMIBLES COLOR
I-935;M3540IDN;1T02NX0NL0;TK-3150;CONSUMIBLES B/N
I-936;M3550IDN;1T02LV0NL0;TK-3130;CONSUMIBLES B/N
I-937;FS-1030DN;1T02G60DE0;TK-120;CONSUMIBLES B/N
I-939;KM-3035;370AB000;TONER KM-3035/4035/5035;CONSUMIBLES B/N
I-940;MPC2003SP;841925;TONER NEGRO RICOH MPC 2011 / 2003 / 2004 / 2503 /  2504;CONSUMIBLES B/N
I-940;MPC2003SP;841926;TONER AMARILLO RICOH MPC 2011 / 2003 / 2004 / 2503  / 2504;CONSUMIBLES COLOR
I-940;MPC2003SP;841927;TONER MAGENTA RICOH MPC 2011 / 2003 / 2004 / 2503  / 2504;CONSUMIBLES COLOR
I-940;MPC2003SP;841928;TONER CIAN RICOH MPC 2011 / 2003 / 2004 / 2503 / 2 504;CONSUMIBLES COLOR
I-941;TASKALFA 266CI;1T02PA0NL0;TK-5135K;CONSUMIBLES B/N
I-941;TASKALFA 266CI;1T02PAANL0;TK-5135Y;CONSUMIBLES COLOR
I-941;TASKALFA 266CI;1T02PABNL0;TK-5135M;CONSUMIBLES COLOR
I-941;TASKALFA 266CI;1T02PACNL0;TK-5135C;CONSUMIBLES COLOR
I-942;TASKALFA 4551CI;1902LC0UN0;WT-860;CONSUMIBLES B/N
I-942;TASKALFA 4551CI;1T02LC0NLC;TK-8505K;CONSUMIBLES B/N
I-942;TASKALFA 4551CI;1T02LCANL0;TK-8505Y;CONSUMIBLES COLOR
I-942;TASKALFA 4551CI;1T02LCBNL0;TK-8505M;CONSUMIBLES COLOR
I-942;TASKALFA 4551CI;1T02LCCNL0;TK-8505C;CONSUMIBLES COLOR
I-944;P2135DN;1T02LZ0NLC;TK-170;CONSUMIBLES B/N
I-947;M3540DN;1T02MS0NL0;TK-3100;CONSUMIBLES B/N
I-948;M6526CDN;1T02KV0NL0;TK-590K;CONSUMIBLES B/N
I-948;M6526CDN;1T02KVANL0;TK-590Y;CONSUMIBLES COLOR
I-948;M6526CDN;1T02KVBNL0;TK-590M;CONSUMIBLES COLOR
I-948;M6526CDN;1T02KVCNL0;TK-590C;CONSUMIBLES COLOR
I-956;SG 3110SFNW;405783;BOTE GEL RESIDUAL IG-21;CONSUMIBLES B/N
I-957;TASKALFA 3510I;1T02NL0NL0;TK-7205;CONSUMIBLES B/N
I-974;TASKALFA 3550CI;1902LC0UN0;WT-860;CONSUMIBLES B/N
I-974;TASKALFA 3550CI;1T02LK0NLC;TK-8305K;CONSUMIBLES B/N
I-974;TASKALFA 3550CI;1T02LKANL0;TK-8305Y;CONSUMIBLES COLOR
I-974;TASKALFA 3550CI;1T02LKBNL0;TK-8305M;CONSUMIBLES COLOR
I-974;TASKALFA 3550CI;1T02LKCNL0;TK-8305C;CONSUMIBLES COLOR
I-983;TASKALFA 5501I;1902LC0UN0;WT-860;CONSUMIBLES B/N
I-983;TASKALFA 5501I;1T02LH0NL1;TK-6305;CONSUMIBLES B/N
I-999;MPC2011SP;841925;TONER NEGRO RICOH MPC 2011 / 2003 / 2004 / 2503 /  2504;CONSUMIBLES B/N
I-999;MPC2011SP;841926;TONER AMARILLO RICOH MPC 2011 / 2003 / 2004 / 2503  / 2504;CONSUMIBLES COLOR
I-999;MPC2011SP;841927;TONER MAGENTA RICOH MPC 2011 / 2003 / 2004 / 2503  / 2504;CONSUMIBLES COLOR
I-999;MPC2011SP;841928;TONER CIAN RICOH MPC 2011 / 2003 / 2004 / 2503 / 2 504;CONSUMIBLES COLOR
I-DCOPIA4513;OLIVETTI DCOPIA 4513MF;140B1228;TONER OLIVETTI NEGRO B1228 4513/4514MFP PGL2545;CONSUMIBLES B/N
I-DCOPIA4513;OLIVETTI DCOPIA 4513MF;B1228;TONER D- COPIA 4513 MF, 4514MF, PGL 2545;CONSUMIBLES B/N
I-DCOPIA4513;OLIVETTI DCOPIA 4513MF;DIB1228;TONER PGL 2545/2550;CONSUMIBLES COLOR
I-DCOPIA4514MFPLUS;OLIVETTI D-COPIA 4514MFPLUS;B1286;TONER NEGRO OLIVETTI DCOPIA 4513/4514MFP;CONSUMIBLES B/N
I-DCOPIA4514MFPLUS;OLIVETTI D-COPIA 4514MFPLUS;DIB1286;TONER OLIVETTI B1286 DCOPIA 413/4514MFPLUS;CONSUMIBLES B/N
I-DCP1510;MULTIFUNCION BROTHER DCP 1510;TN-1050;TONER BROTHER TN-1050;CONSUMIBLES B/N
I-FS-6950DN;FS-6950DN;1T02F70EU0;TK-440;CONSUMIBLES B/N
I-FS1350;KYOCERA ECOSYS FS-1350;1T02HS0EUC;TK-130;CONSUMIBLES B/N
I-FSC5100;KYOCERA FS-C5100DN;1T02HL0EU0;TK-540K;CONSUMIBLES B/N
I-FSC5100;KYOCERA FS-C5100DN;1T02HLAEU0;TK-540Y;CONSUMIBLES COLOR
I-FSC5100;KYOCERA FS-C5100DN;1T02HLBEU0;TK-540M;CONSUMIBLES COLOR
I-FSC5100;KYOCERA FS-C5100DN;1T02HLCEU0;TK-540C;CONSUMIBLES COLOR
I-HP500;HP LS 500 COLOR M551;14707;TONER HP CE400A NEGRO 507A;CONSUMIBLES B/N
I-HP500;HP LS 500 COLOR M551;14710;TONER HP CE403A MAGENTA 507A;CONSUMIBLES COLOR
I-HP500;HP LS 500 COLOR M551;14711;TONER HP CE402A AMARILLO 507A;CONSUMIBLES COLOR
I-IM2500;RICOH IM2500;842125;TONER NEGRO MP 3554;CONSUMIBLES B/N
I-IM350;IM350;418133;TONER RICOH IM 350;CONSUMIBLES COLOR
I-IMC2000;MULTIFUNCION RICOH IMC2000;842311;TONER NEGRO IMC2500;CONSUMIBLES B/N
I-IMC2000;MULTIFUNCION RICOH IMC2000;842312;Ricoh type C2500 toner 842312 amarillo;CONSUMIBLES COLOR
I-IMC2000;MULTIFUNCION RICOH IMC2000;842313;Ricoh type C2500 toner 842313 magenta;CONSUMIBLES COLOR
I-IMC2000;MULTIFUNCION RICOH IMC2000;842314;Ricoh type C2500 toner 842314 cian;CONSUMIBLES COLOR
I-IMC300;MULTIFUNCION RICOH IMC300;842601;TONER NEGRO IM C300;CONSUMIBLES B/N
I-IMC300;MULTIFUNCION RICOH IMC300;842602;TONER CIAN IM C300;CONSUMIBLES COLOR
I-IMC300;MULTIFUNCION RICOH IMC300;842603;TONER MAGENTA IM C300;CONSUMIBLES COLOR
I-IMC300;MULTIFUNCION RICOH IMC300;842604;TONER AMARILLO IM C300;CONSUMIBLES COLOR
I-IMC3000;COPIADORA RICOH IM C3000;3010209;TONER NEGRO IMC3000/C3500;CONSUMIBLES B/N
I-IMC3000;COPIADORA RICOH IM C3000;3010210;TONER CIAN IMC3000/C3500;CONSUMIBLES COLOR
I-IMC3000;COPIADORA RICOH IM C3000;3010211;TONER MAGENTA IMC3000/C3500;CONSUMIBLES COLOR
I-IMC3000;COPIADORA RICOH IM C3000;3010212;TONER IMC3000/C3500 AMARILLO;CONSUMIBLES COLOR
I-IMC3000;COPIADORA RICOH IM C3000;842255;TONER NEGRO IMC3500;CONSUMIBLES B/N
I-IMC3000;COPIADORA RICOH IM C3000;842256;TONER AMARILLO IM C3500;CONSUMIBLES COLOR
I-IMC3000;COPIADORA RICOH IM C3000;842258;TONER CIAN IM C3500;CONSUMIBLES COLOR
I-KYO7002I;KYOCERA TASKALFA 7002I;1902K90UN0;WT-861;CONSUMIBLES B/N
I-KYO7002I;KYOCERA TASKALFA 7002I;1T02NJ0NL0;TK-6725;CONSUMIBLES B/N
I-LXMX511DHE;LEXMARK MX511DHE;50F0UA0;Lexmark MS/MX510, 511, 610, 611;CONSUMIBLES B/N
I-M1212NF;HP LASERJET PRO M1212NF;14261;TONER XEROX PARA HP LJ PRO M1132 M1212 M1214 M1217 P1102 CE285A;CONSUMIBLES B/N
I-M2135DN;KYOCERA ECOSYS M2135DN;1T02RV0NL0;TK-1150;CONSUMIBLES B/N
I-M251NW;IMPRESORA HP LASERJET M251NW;DICF210X;TONER NEGRO CF210X HP M251;CONSUMIBLES B/N
I-M251NW;IMPRESORA HP LASERJET M251NW;DICF211A;TONER CIAN CF211A HP M251;CONSUMIBLES COLOR
I-M251NW;IMPRESORA HP LASERJET M251NW;DICF212A;TONER AMARILLO CF212A HP M251;CONSUMIBLES COLOR
I-M251NW;IMPRESORA HP LASERJET M251NW;DICF213A;TONER MAGENTA CF213A HP M251;CONSUMIBLES COLOR
I-M2640IDN;ECOSYS M2640IDN;1T02S50NL0;TK-1170;CONSUMIBLES B/N
I-M2640IDW;ECOSYS M2640IDW;1T02S50NL0;TK-1170;CONSUMIBLES B/N
I-M3645DN;KYOCERA M3645IDN;1T02V30NL0;TK-3060;CONSUMIBLES B/N
I-M3645DN;KYOCERA M3645IDN;1T02V30NLC;TK-3060;CONSUMIBLES B/N
I-M3655IDN;KYOCERA M3655IDN;1T02T60NL1;TK-3190;CONSUMIBLES B/N
I-M3655IDN;KYOCERA M3655IDN;1T02T60NLC;TK-3190;CONSUMIBLES B/N
I-M3660IDN;KYOCERA M3660IDN;1T02T60NLC;TK-3190;CONSUMIBLES B/N
I-M5521CDN;ECOSYS M5521CDN;1T02R90NL0;TK-5230K;CONSUMIBLES COLOR
I-M5521CDN;ECOSYS M5521CDN;1T02R9ANL0;TK-5230Y;CONSUMIBLES COLOR
I-M5521CDN;ECOSYS M5521CDN;1T02R9BNL0;TK-5230M;CONSUMIBLES COLOR
I-M5521CDN;ECOSYS M5521CDN;1T02R9CNL0;TK-5230C;CONSUMIBLES COLOR
I-M5526;ECOSYS M5526CDW;1T02R70NL0;TK-5240K;CONSUMIBLES B/N
I-M5526;ECOSYS M5526CDW;1T02R7ANL0;TK-5240Y;CONSUMIBLES COLOR
I-M5526;ECOSYS M5526CDW;1T02R7BNL0;TK-5240M;CONSUMIBLES COLOR
I-M5526;ECOSYS M5526CDW;1T02R7CNL0;TK-5240C;CONSUMIBLES COLOR
I-M5526CDN;ECOSYS M5526CDN;1T02R70NL0;TK-5240K;CONSUMIBLES B/N
I-M5526CDN;ECOSYS M5526CDN;1T02R7ANL0;TK-5240Y;CONSUMIBLES COLOR
I-M5526CDN;ECOSYS M5526CDN;1T02R7BNL0;TK-5240M;CONSUMIBLES COLOR
I-M5526CDN;ECOSYS M5526CDN;1T02R7CNL0;TK-5240C;CONSUMIBLES COLOR
I-M8130CIDN;ECOSYS M8130CIDN;1T02P30NL0;TK-8115K;CONSUMIBLES B/N
I-M8130CIDN;ECOSYS M8130CIDN;1T02P3ANL0;TK-8115Y;CONSUMIBLES COLOR
I-M8130CIDN;ECOSYS M8130CIDN;1T02P3BNL0;TK-8115M;CONSUMIBLES COLOR
I-M8130CIDN;ECOSYS M8130CIDN;1T02P3CNL0;TK-8115C;CONSUMIBLES COLOR
I-MA2001W;KYOCERA ECOSYS MA2001W;1T02Y80NL0;TK-1248;CONSUMIBLES B/N
I-MF222;OLIVETTI D-COLOR MF222;DIB1036;TONER COMP.NEGRO d-COLOR MF222/282/362;CONSUMIBLES B/N
I-MP3353;RICOH MP3353;842348;TONER NEGRO MP3554;CONSUMIBLES B/N
I-MP6002;RICOH MP6002SP;842346;TONER MP 9002 - IM 7000 - 7502;CONSUMIBLES B/N
I-MP7502;RICOH MP7502;842346;TONER MP 9002 - IM 7000 - 7502;CONSUMIBLES B/N
I-MP9002;RICOH MP 9002;842346;TONER MP 9002 - IM 7000 - 7502;CONSUMIBLES B/N
I-MPC2504;MPC2504;841925;TONER NEGRO RICOH MPC 2011 / 2003 / 2004 / 2503 /  2504;CONSUMIBLES B/N
I-MPC2504;MPC2504;841926;TONER AMARILLO RICOH MPC 2011 / 2003 / 2004 / 2503  / 2504;CONSUMIBLES COLOR
I-MPC2504;MPC2504;841927;TONER MAGENTA RICOH MPC 2011 / 2003 / 2004 / 2503  / 2504;CONSUMIBLES COLOR
I-MPC2504;MPC2504;841928;TONER CIAN RICOH MPC 2011 / 2003 / 2004 / 2503 / 2 504;CONSUMIBLES COLOR
I-MPC3004EXSP;RICOH MP C3004EXSP;841817;TONER NEGRO RICOH MPC 3003 / 3503 / 3004 / 3504;CONSUMIBLES B/N
I-MPC3004EXSP;RICOH MP C3004EXSP;841818;TONER AMARILLO RICOH MPC 3003 / 3503 / 3004 / 3504;CONSUMIBLES COLOR
I-MPC3004EXSP;RICOH MP C3004EXSP;841819;TONER MAGENTA RICOH MPC 3003 / 3503 / 3004 / 3504;CONSUMIBLES COLOR
I-MPC3004EXSP;RICOH MP C3004EXSP;841820;TONER CIAN RICOH MPC 3003 / 3503 / 3004 / 3504;CONSUMIBLES COLOR
I-MPC3504EXSP;MPC3504exSP;841817;TONER NEGRO RICOH MPC 3003 / 3503 / 3004 / 3504;CONSUMIBLES B/N
I-MPC3504EXSP;MPC3504exSP;841818;TONER AMARILLO RICOH MPC 3003 / 3503 / 3004 / 3504;CONSUMIBLES COLOR
I-MPC3504EXSP;MPC3504exSP;841819;TONER MAGENTA RICOH MPC 3003 / 3503 / 3004 / 3504;CONSUMIBLES COLOR
I-MPC3504EXSP;MPC3504exSP;841820;TONER CIAN RICOH MPC 3003 / 3503 / 3004 / 3504;CONSUMIBLES COLOR
I-MPC3504GREENLINE;MPC3504 GREEN LINE;841817;TONER NEGRO RICOH MPC 3003 / 3503 / 3004 / 3504;CONSUMIBLES B/N
I-MPC3504GREENLINE;MPC3504 GREEN LINE;841818;TONER AMARILLO RICOH MPC 3003 / 3503 / 3004 / 3504;CONSUMIBLES COLOR
I-MPC3504GREENLINE;MPC3504 GREEN LINE;841819;TONER MAGENTA RICOH MPC 3003 / 3503 / 3004 / 3504;CONSUMIBLES COLOR
I-MPC3504GREENLINE;MPC3504 GREEN LINE;841820;TONER CIAN RICOH MPC 3003 / 3503 / 3004 / 3504;CONSUMIBLES COLOR
I-MPC4504;COPIADORA RICOH MPC4504;841853;TONER NEGRO RICOH MPC 4503 5503 4504 5504;CONSUMIBLES B/N
I-MPC4504;COPIADORA RICOH MPC4504;841854;TONER AMARILLO RICOH MPC 4503 5503 4504 5504;CONSUMIBLES COLOR
I-MPC4504;COPIADORA RICOH MPC4504;841855;TONER MAGENTA RICOH MPC 4503 5503 4504 5504;CONSUMIBLES COLOR
I-MPC4504;COPIADORA RICOH MPC4504;841856;TONER CIAN RICOH MPC 4503 5503 4504 5504;CONSUMIBLES COLOR
I-MPC4504EXSP;RICOH MPC4504EXSP;841853;TONER NEGRO RICOH MPC 4503 5503 4504 5504;CONSUMIBLES B/N
I-MPC4504EXSP;RICOH MPC4504EXSP;841854;TONER AMARILLO RICOH MPC 4503 5503 4504 5504;CONSUMIBLES COLOR
I-MPC4504EXSP;RICOH MPC4504EXSP;841855;TONER MAGENTA RICOH MPC 4503 5503 4504 5504;CONSUMIBLES COLOR
I-MPC4504EXSP;RICOH MPC4504EXSP;841856;TONER CIAN RICOH MPC 4503 5503 4504 5504;CONSUMIBLES COLOR
I-MPC5504EXGL;RICOH MPC5504EXPS GREEN LINE;841853;TONER NEGRO RICOH MPC 4503 5503 4504 5504;CONSUMIBLES B/N
I-MPC5504EXGL;RICOH MPC5504EXPS GREEN LINE;841854;TONER AMARILLO RICOH MPC 4503 5503 4504 5504;CONSUMIBLES COLOR
I-MPC5504EXGL;RICOH MPC5504EXPS GREEN LINE;841855;TONER MAGENTA RICOH MPC 4503 5503 4504 5504;CONSUMIBLES COLOR
I-MPC5504EXGL;RICOH MPC5504EXPS GREEN LINE;841856;TONER CIAN RICOH MPC 4503 5503 4504 5504;CONSUMIBLES COLOR
I-P2040DN;KYOCERA P2040DN;1T02RY0NL0;TK-1160;CONSUMIBLES B/N
I-P2040DW;ECOSYS P2040DW;1T02RY0NL0;TK-1160;CONSUMIBLES B/N
I-P2235DN;KYOCERA ECOSYS P2235DN;1T02RV0NL0;TK-1150;CONSUMIBLES B/N
I-P3060DN;ECOSYS P3060DN;1T02T60NL1;TK-3190;CONSUMIBLES B/N
I-P3060DN;ECOSYS P3060DN;1T02T60NLC;TK-3190;CONSUMIBLES B/N
I-P3145DN;KYOCERA ECOSYS P3145DN;1T02T90NL1;TK-3160;CONSUMIBLES B/N
I-P3155DN;ECOSYS P3155DN;1T02T60NL1;TK-3190;CONSUMIBLES B/N
I-P3155DN;ECOSYS P3155DN;1T02T60NLC;TK-3190;CONSUMIBLES B/N
I-P5021CDN;KYOCERA P5021CDN;1T02R90NL0;TK-5230K;CONSUMIBLES COLOR
I-P5021CDN;KYOCERA P5021CDN;1T02R9ANL0;TK-5230Y;CONSUMIBLES COLOR
I-P5021CDN;KYOCERA P5021CDN;1T02R9BNL0;TK-5230M;CONSUMIBLES COLOR
I-P5021CDN;KYOCERA P5021CDN;1T02R9CNL0;TK-5230C;CONSUMIBLES COLOR
I-PGL2645;OLIVETTI PGL 2645;140B1228;TONER OLIVETTI NEGRO B1228 4513/4514MFP PGL2545;CONSUMIBLES B/N
I-PGL2645;OLIVETTI PGL 2645;B1228;TONER D- COPIA 4513 MF, 4514MF, PGL 2545;CONSUMIBLES B/N
I-PGL2645;OLIVETTI PGL 2645;DIB1228;TONER PGL 2545/2550;CONSUMIBLES COLOR
I-PROC5200;RICOH PRO C5200S;828426;TONER NEGRO PRO C5200S;CONSUMIBLES COLOR
I-PROC5200;RICOH PRO C5200S;828427;TONER AMARILLO PRO C5200S;CONSUMIBLES COLOR
I-PROC5200;RICOH PRO C5200S;828428;TONER MAGENTA PRO C5200S;CONSUMIBLES COLOR
I-PROC5200;RICOH PRO C5200S;828429;TONER CYAN PRO C5200S;CONSUMIBLES COLOR
I-PROC5300;RICHO PRO C5300;828601;TONER NEGRO RICOH PRO C5300;CONSUMIBLES COLOR
I-PROC5300;RICHO PRO C5300;828602;TONER AMARILLO RICOH PRO C5300;CONSUMIBLES COLOR
I-PROC5300;RICHO PRO C5300;828603;TONER MAGENTA RICOH PRO C5300;CONSUMIBLES COLOR
I-PROC5300;RICHO PRO C5300;828604;TONER CIAN RICOH PRO C5300;CONSUMIBLES COLOR
I-SP5200;RICOH SP 5200DN;821229;TONER NEGRO SP5200 LARGA DURACIÓN 18000;CONSUMIBLES B/N
I-TASK.8052CI;TASKALFA 8052CI;1902K90UN0;WT-861;CONSUMIBLES B/N
I-TASK.8052CI;TASKALFA 8052CI;1T02XN0NL0;TK-8735K;CONSUMIBLES B/N
I-TASK.8052CI;TASKALFA 8052CI;1T02XNANL0;TK-8735Y;CONSUMIBLES COLOR
I-TASK.8052CI;TASKALFA 8052CI;1T02XNBNL0;TK-8735M;CONSUMIBLES COLOR
I-TASK.8052CI;TASKALFA 8052CI;1T02XNCNL0;TK-8735C;CONSUMIBLES COLOR
I-TASK307CI;TASKALFA 307CI;1902R60UN0;WT-5190;CONSUMIBLES B/N
I-TASK307CI;TASKALFA 307CI;1T02R40NL0;TK-5195K;CONSUMIBLES B/N
I-TASK307CI;TASKALFA 307CI;1T02R4ANL0;TK-5195Y;CONSUMIBLES COLOR
I-TASK307CI;TASKALFA 307CI;1T02R4BNL0;TK-5195M;CONSUMIBLES COLOR
I-TASK307CI;TASKALFA 307CI;1T02R4CNL0;TK-5195C;CONSUMIBLES COLOR
I-TASK3212I;TASKALFA 3212I;1T02V70NL0;TK-7125;CONSUMIBLES B/N
I-TASK3253ci;TASKALFA 3253ci;1902ND0UN0;WT-8500;CONSUMIBLES B/N
I-TASK3253ci;TASKALFA 3253ci;1T02RL0NL0;TK-8335K;CONSUMIBLES B/N
I-TASK3253ci;TASKALFA 3253ci;1T02RLANL1;TK-8335Y;CONSUMIBLES COLOR
I-TASK3253ci;TASKALFA 3253ci;1T02RLBNL1;TK-8335M;CONSUMIBLES COLOR
I-TASK3253ci;TASKALFA 3253ci;1T02RLCNL1;TK-8335C;CONSUMIBLES COLOR
I-TASK358CI;KYOCERA TASKALFA 358CI;1902R60UN0;WT-5190;CONSUMIBLES B/N
I-TASK358CI;KYOCERA TASKALFA 358CI;1T02R50NL0;TK-5205K;CONSUMIBLES B/N
I-TASK358CI;KYOCERA TASKALFA 358CI;1T02R5ANL0;TK-5205Y;CONSUMIBLES COLOR
I-TASK358CI;KYOCERA TASKALFA 358CI;1T02R5BNL0;TK-5205M;CONSUMIBLES COLOR
I-TASK358CI;KYOCERA TASKALFA 358CI;1T02R5CNL0;TK-5205C;CONSUMIBLES COLOR
I-TASK4012;TASKALFA 4012I;1T02V60NL0;TK-7225;CONSUMIBLES B/N
I-TASK406CI;TASKALFA 406CI;1902R60UN2;WT-5191 WASTE TONER BOTTLE;CONSUMIBLES B/N
I-TASK406CI;TASKALFA 406CI;1T02R60NL0;TK-5215K;CONSUMIBLES B/N
I-TASK406CI;TASKALFA 406CI;1T02R6ANL0;TK-5215Y;CONSUMIBLES COLOR
I-TASK406CI;TASKALFA 406CI;1T02R6BNL0;TK-5215M;CONSUMIBLES COLOR
I-TASK406CI;TASKALFA 406CI;1T02R6CNL0;TK-5215C;CONSUMIBLES COLOR
I-TASK5003;TASKALFA 5003I;1902ND0UN0;WT-8500;CONSUMIBLES B/N
I-TASK5003;TASKALFA 5003I;1T02NK0NL0;TK-6325;CONSUMIBLES B/N
I-TASKALFA 4054ci;TASKALFA 4054ci;1902ND0UN0;WT-8500;CONSUMIBLES B/N
I-TASKALFA 4054ci;TASKALFA 4054ci;1T02YM0NL0;TK-8545K;CONSUMIBLES B/N
I-TASKALFA 4054ci;TASKALFA 4054ci;1T02YMANL0;TK-8545Y;CONSUMIBLES COLOR
I-TASKALFA 4054ci;TASKALFA 4054ci;1T02YMBNL0;TK-8545M;CONSUMIBLES COLOR
I-TASKALFA 4054ci;TASKALFA 4054ci;1T02YMCNL0;TK-8545C;CONSUMIBLES COLOR
I-TASKALFA 5054ci;TASKALFA 5054ci;1902ND0UN0;WT-8500;CONSUMIBLES B/N
I-TASKALFA 5054ci;TASKALFA 5054ci;1T02XC0NL0;TK-8555K;CONSUMIBLES B/N
I-TASKALFA 5054ci;TASKALFA 5054ci;1T02XCANL0;TK-8555Y;CONSUMIBLES COLOR
I-TASKALFA 5054ci;TASKALFA 5054ci;1T02XCBNL0;TK-8555M;CONSUMIBLES COLOR
I-TASKALFA 5054ci;TASKALFA 5054ci;1T02XCCNL0;TK-8555C;CONSUMIBLES COLOR
I-TASKalfa 6054ci;KYOCERA TASKALFA 6054ci;1902ND0UN0;WT-8500;CONSUMIBLES B/N
I-TASKalfa 6054ci;KYOCERA TASKALFA 6054ci;1T02XC0NL0;TK-8555K;CONSUMIBLES B/N
I-TASKalfa 6054ci;KYOCERA TASKALFA 6054ci;1T02XCANL0;TK-8555Y;CONSUMIBLES COLOR
I-TASKalfa 6054ci;KYOCERA TASKALFA 6054ci;1T02XCBNL0;TK-8555M;CONSUMIBLES COLOR
I-TASKalfa 6054ci;KYOCERA TASKALFA 6054ci;1T02XCCNL0;TK-8555C;CONSUMIBLES COLOR
I-TASKALFA2554;KYOCERA TASKALFA 2554CI;1902ND0UN0;WT-8500;CONSUMIBLES B/N
I-TASKALFA2554;KYOCERA TASKALFA 2554CI;1T02YP0NL0;TK-8365K;CONSUMIBLES B/N
I-TASKALFA2554;KYOCERA TASKALFA 2554CI;1T02YPANL0;TK-8365Y;CONSUMIBLES COLOR
I-TASKALFA2554;KYOCERA TASKALFA 2554CI;1T02YPBNL0;TK-8365M;CONSUMIBLES COLOR
I-TASKALFA2554;KYOCERA TASKALFA 2554CI;1T02YPCNL0;TK-8365C;CONSUMIBLES COLOR
I-TASKALFA5053CI;TASKALFA 5053ci;1902ND0UN0;WT-8500;CONSUMIBLES B/N
I-TASKALFA5053CI;TASKALFA 5053ci;1T02ND0NL0;TK-8515K;CONSUMIBLES B/N
I-TASKALFA5053CI;TASKALFA 5053ci;1T02NDANL1;TK-8515Y;CONSUMIBLES COLOR
I-TASKALFA5053CI;TASKALFA 5053ci;1T02NDBNL1;TK-8515M;CONSUMIBLES COLOR
I-TASKALFA5053CI;TASKALFA 5053ci;1T02NDCNL1;TK-8515C;CONSUMIBLES COLOR
I-TASKALFA508CI;KYOCERA TASKALFA 508CI;1902R60UN2;WT-5191 WASTE TONER BOTTLE;CONSUMIBLES B/N
I-TASKALFA508CI;KYOCERA TASKALFA 508CI;1T02WH0NL0;TK-5315K;CONSUMIBLES B/N
I-TASKALFA508CI;KYOCERA TASKALFA 508CI;1T02WHANL0;TK-5315Y;CONSUMIBLES COLOR
I-TASKALFA508CI;KYOCERA TASKALFA 508CI;1T02WHBNL0;TK-5315M;CONSUMIBLES COLOR
I-TASKALFA508CI;KYOCERA TASKALFA 508CI;1T02WHCNL0;TK-5315C;CONSUMIBLES COLOR
I-TASKALFA7003I;KYOCERA TASKALFA 7003I;1902K90UN0;WT-861;CONSUMIBLES B/N
I-TASKALFA7003I;KYOCERA TASKALFA 7003I;1T02NJ0NL0;TK-6725;CONSUMIBLES B/N
I-TASKALFA7052CI;KYOCERA TASKALFA 7052CI;1902K90UN0;WT-861;CONSUMIBLES B/N
I-TASKALFA7052CI;KYOCERA TASKALFA 7052CI;1T02XN0NL0;TK-8735K;CONSUMIBLES B/N
I-TASKALFA7052CI;KYOCERA TASKALFA 7052CI;1T02XNANL0;TK-8735Y;CONSUMIBLES COLOR
I-TASKALFA7052CI;KYOCERA TASKALFA 7052CI;1T02XNBNL0;TK-8735M;CONSUMIBLES COLOR
I-TASKALFA7052CI;KYOCERA TASKALFA 7052CI;1T02XNCNL0;TK-8735C;CONSUMIBLES COLOR
I-TASKALFA9003I;KYOCERA TASKALFA 9003I;1902K90UN0;WT-861;CONSUMIBLES B/N
I-TASKALFA9003I;KYOCERA TASKALFA 9003I;1T02NJ0NL0;TK-6725;CONSUMIBLES B/N
I-TASKLAFA9002I;KYOCERA TASKALFA 9002I;1902K90UN0;WT-861;CONSUMIBLES B/N
I-TASKLAFA9002I;KYOCERA TASKALFA 9002I;1T02NJ0NL0;TK-6725;CONSUMIBLES B/N
I-WFM5799;EPSON WF-M5799DWF;C13T965140;EPSON WF-M52xx/57xx BLACK;CONSUMIBLES B/N
IM7000;RICOH IM 7000;418911;BOTE TONER RESIDUAL RICOH IM 7000 MP 9002;CONSUMIBLES B/N
IM7000;RICOH IM 7000;842346;TONER MP 9002 - IM 7000 - 7502;CONSUMIBLES B/N
KBC458;COP KONICA BIZHUB C458;TN-514C;TONER KONICA MINOLTA C 558 CYAN ORIGINAL;CONSUMIBLES COLOR
KBC458;COP KONICA BIZHUB C458;TN-514K;TONER KONICA MINOLTA C 558 NEGRO ORIGINAL;CONSUMIBLES B/N
KBC458;COP KONICA BIZHUB C458;TN-514M;TONER KONICA MINOLTA C 558 MAGENTA ORIGINAL;CONSUMIBLES COLOR
KBC458;COP KONICA BIZHUB C458;TN-514Y;TONER KONICA MINOLTA C 558 AMARILLO ORIGINAL;CONSUMIBLES COLOR
KM-1505;KM-1505;37029010;TONER KM-1505 / KM-1510 / KM-1810;CONSUMIBLES B/N
KM-1525;KM-1525;23152;TONER KM-1525/1530/2030/2530;CONSUMIBLES B/N
KM-1525;KM-1525;37028010;TONER KYOCERA KM-1525/KM-1530/KM-2030 TK-100;CONSUMIBLES B/N
KM-1530;KM-1530;37028010;TONER KYOCERA KM-1525/KM-1530/KM-2030 TK-100;CONSUMIBLES B/N
KM-1620;KM-1620;370AM010;TK-410;CONSUMIBLES B/N
KM-1810P;KM-1810P;37029010;TONER KM-1505 / KM-1510 / KM-1810;CONSUMIBLES B/N
KM-2020;KM-2020;370AM010;TK-410;CONSUMIBLES B/N
KM-2030;KM-2030;23152;TONER KM-1525/1530/2030/2530;CONSUMIBLES B/N
KM-2030;KM-2030;37028010;TONER KYOCERA KM-1525/KM-1530/KM-2030 TK-100;CONSUMIBLES B/N
KM-2540;KM-2540;1T02H00EU0;TK-675;CONSUMIBLES B/N
KM-3530;KM-3530;370AB000;TONER KM-3035/4035/5035;CONSUMIBLES B/N
KM-4035;KM-4035;370AB000;TONER KM-3035/4035/5035;CONSUMIBLES B/N
KM-5035;KM-5035;370AB000;TONER KM-3035/4035/5035;CONSUMIBLES B/N
KM-6030;KM-6030;1T02FB0EU0;TK-655;CONSUMIBLES B/N
KM-C3225E;KM-C3225E;1T02FZ0EU0;TK-825K;CONSUMIBLES B/N
KM-C3225E;KM-C3225E;1T02FZAEU0;TK-825Y;CONSUMIBLES COLOR
KM-C3225E;KM-C3225E;1T02FZBEU0;TK-825M;CONSUMIBLES COLOR
KM-C3225E;KM-C3225E;1T02FZCEU0;TK-825C;CONSUMIBLES COLOR
KM-C4035E;KM-C4035E;1T02FZ0EU0;TK-825K;CONSUMIBLES B/N
KM-C4035E;KM-C4035E;1T02FZAEU0;TK-825Y;CONSUMIBLES COLOR
KM-C4035E;KM-C4035E;1T02FZBEU0;TK-825M;CONSUMIBLES COLOR
KM-C4035E;KM-C4035E;1T02FZCEU0;TK-825C;CONSUMIBLES COLOR
KMB282;KONICA MINOLTA BIZHUB 282;8938-415;TN-211;CONSUMIBLES B/N
KMBC300;KONICA MINOLTA BIZHUB C300i;AAV8150;TN-328K;CONSUMIBLES COLOR
KMBC300;KONICA MINOLTA BIZHUB C300i;AAV8250;TN-328Y;CONSUMIBLES COLOR
KMBC300;KONICA MINOLTA BIZHUB C300i;AAV8350;TN-328M;CONSUMIBLES COLOR
KMBC300;KONICA MINOLTA BIZHUB C300i;AAV8450;TN-328C;CONSUMIBLES COLOR
KMBZPROC754;COP KONICA COLOR PRO C754;TN-711C;TONER KONCA MINOLTA C-654-754  CYAN (A3VU430);CONSUMIBLES COLOR
KMBZPROC754;COP KONICA COLOR PRO C754;TN-711CCOMPTIBLE;TONER KONICA MINOLTA C654/ C754 CYAN COMPATIBLE;CONSUMIBLES COLOR
KMBZPROC754;COP KONICA COLOR PRO C754;TN-711K;TONER KONICA MINOLTA C654-754 NEGRO (A3VU130);CONSUMIBLES B/N
KMBZPROC754;COP KONICA COLOR PRO C754;TN-711KCOMPATIBLE;TONER KONICA MINOLTA C654/ C754 NEGRO COMPATIBLE;CONSUMIBLES B/N
KMBZPROC754;COP KONICA COLOR PRO C754;TN-711M;TONER KONICA MINOLTA C-654-754 MAGENTA (A3VU330);CONSUMIBLES COLOR
KMBZPROC754;COP KONICA COLOR PRO C754;TN-711MCOMPATIBBLE;TONER KONICA MINOLTA C654/ C754 MAGENTA COMPATIBLE;CONSUMIBLES COLOR
KMBZPROC754;COP KONICA COLOR PRO C754;TN-711Y;TONER KONICA MINOLTA C-654-754 YELOW (A3VU230);CONSUMIBLES COLOR
KMBZPROC754;COP KONICA COLOR PRO C754;TN-711YCOMPATIBLE;TONER KONICA MINOLTA C654/ C754 AMARILLO COMPATIBLE;CONSUMIBLES COLOR
KO203;MÁQUINA FOTOCOPIADORA KONICA C203;TN-213C;TONER KONICA MINOLTA C-203CYAN (A0D7432);CONSUMIBLES COLOR
KO203;MÁQUINA FOTOCOPIADORA KONICA C203;TN-213CCompatible;TONER KONICA MINOLTA C-203  CYAN Compatible;CONSUMIBLES COLOR
KO203;MÁQUINA FOTOCOPIADORA KONICA C203;TN-213K;TONER KONICA MINOLTA C203  NEGRO (A0D7132);CONSUMIBLES B/N
KO203;MÁQUINA FOTOCOPIADORA KONICA C203;TN-213KCompatible;TONER KONICA MINOLTA C-203  NEGRO Compatible;CONSUMIBLES B/N
KO203;MÁQUINA FOTOCOPIADORA KONICA C203;TN-213M;TONER KONICA MINOLTA C-203 MAGENTA(A0D7332);CONSUMIBLES COLOR
KO203;MÁQUINA FOTOCOPIADORA KONICA C203;TN-213MCompatible;TONER KONICA MINOLTA C 203  MAGENTA;CONSUMIBLES COLOR
KO203;MÁQUINA FOTOCOPIADORA KONICA C203;TN-213Y;TONER KONICA MINOLTA C-203 YELOW (A0D7232);CONSUMIBLES COLOR
KO203;MÁQUINA FOTOCOPIADORA KONICA C203;TN-213YCompatible;TONER KONICA MINOLTA C-203 YELOW COMPATIBLE;CONSUMIBLES COLOR
KO224;COP KONICA C224;TN-321C;TONER KONICA MINOLTA  C 224 CYAN;CONSUMIBLES COLOR
KO224;COP KONICA C224;TN-321CCompatible;TONER KONICA MINOLTA C 224 Cyan Compatible;CONSUMIBLES COLOR
KO224;COP KONICA C224;TN-321K;TONER KONICA MINOLTA C 224 NEGRO (A33K150);CONSUMIBLES B/N
KO224;COP KONICA C224;TN-321K-13.5 K;TONER NEGRO KONICA MINOLTA C224 NEGRO 13.5K;CONSUMIBLES B/N
KO224;COP KONICA C224;TN-321KCompatible;TONER KONICA MINOLTA C 224 NEGRO COMPTIBLE;CONSUMIBLES B/N
KO224;COP KONICA C224;TN-321M;TONER KONICA MINOLTA C224 MAGENTA (A33K350);CONSUMIBLES COLOR
KO224;COP KONICA C224;TN-321MCompatible;TONER KONICA MINOLTA C 224 MAGENTA COMPATIBLE;CONSUMIBLES COLOR
KO224;COP KONICA C224;TN-321Y;TONER KONICA MINOLTA C-224  YELOW(A33K250);CONSUMIBLES COLOR
KO224;COP KONICA C224;TN-321YCompatible;TONER KONICA MINOLTA C 224 YELOW COMPATIBLE;CONSUMIBLES COLOR
KO280;MÁQUINA FOTOCOPIADORA KONICA MINOLTA C280;TN-216C;TONER KONICA MINOLTA C-220-280 CYAN (A11G431);CONSUMIBLES COLOR
KO280;MÁQUINA FOTOCOPIADORA KONICA MINOLTA C280;TN-216CCompatible;TONER KONICA MINOLTA C 220/280 CYAN COMPATIBLE;CONSUMIBLES COLOR
KO280;MÁQUINA FOTOCOPIADORA KONICA MINOLTA C280;TN-216K;TONER KONICA MINOLTA C-220-280 NEGRO (A11G131);CONSUMIBLES B/N
KO280;MÁQUINA FOTOCOPIADORA KONICA MINOLTA C280;TN-216KCompatible;TONER KONICA MINOLTA TN-216 NEGRO COMPATIBLE;CONSUMIBLES B/N
KO280;MÁQUINA FOTOCOPIADORA KONICA MINOLTA C280;TN-216M;TONER  KONICA MINOLTA C-220-280 MAGENTA (A11G331);CONSUMIBLES COLOR
KO280;MÁQUINA FOTOCOPIADORA KONICA MINOLTA C280;TN-216MCompatible;TONER KONICA MINOLTA C 220/280 MAGENTA COMPATIBLE;CONSUMIBLES COLOR
KO280;MÁQUINA FOTOCOPIADORA KONICA MINOLTA C280;TN-216Y;TONER KONICA MINOLTA TN-216 YELOW (A11G231);CONSUMIBLES COLOR
KO280;MÁQUINA FOTOCOPIADORA KONICA MINOLTA C280;TN-216YCompatible;TONER KONICA MINOLTA C-220-280 Yelow Compatible;CONSUMIBLES COLOR
KO284E;MÁQUINA FOTOCOPIADORA KONICA MINOLTA C284E;TN-321C;TONER KONICA MINOLTA  C 224 CYAN;CONSUMIBLES COLOR
KO284E;MÁQUINA FOTOCOPIADORA KONICA MINOLTA C284E;TN-321CCompatible;TONER KONICA MINOLTA C 224 Cyan Compatible;CONSUMIBLES COLOR
KO284E;MÁQUINA FOTOCOPIADORA KONICA MINOLTA C284E;TN-321K;TONER KONICA MINOLTA C 224 NEGRO (A33K150);CONSUMIBLES B/N
KO284E;MÁQUINA FOTOCOPIADORA KONICA MINOLTA C284E;TN-321KCompatible;TONER KONICA MINOLTA C 224 NEGRO COMPTIBLE;CONSUMIBLES B/N
KO284E;MÁQUINA FOTOCOPIADORA KONICA MINOLTA C284E;TN-321M;TONER KONICA MINOLTA C224 MAGENTA (A33K350);CONSUMIBLES COLOR
KO284E;MÁQUINA FOTOCOPIADORA KONICA MINOLTA C284E;TN-321MCompatible;TONER KONICA MINOLTA C 224 MAGENTA COMPATIBLE;CONSUMIBLES COLOR
KO284E;MÁQUINA FOTOCOPIADORA KONICA MINOLTA C284E;TN-321Y;TONER KONICA MINOLTA C-224  YELOW(A33K250);CONSUMIBLES COLOR
KO284E;MÁQUINA FOTOCOPIADORA KONICA MINOLTA C284E;TN-321YCompatible;TONER KONICA MINOLTA C 224 YELOW COMPATIBLE;CONSUMIBLES COLOR
KO35;COP KONICA MINOLTA  C35;TN-P22C;TONER KONICA MINOLTA C 35 CYAN (A0X5432);CONSUMIBLES COLOR
KO35;COP KONICA MINOLTA  C35;TN-P22CCOMPATIBLE;TONER KONICA MINOLTA C 35 CYAN COMPATIBLE;CONSUMIBLES COLOR
KO35;COP KONICA MINOLTA  C35;TN-P22K;TONER KONICA MINOLTA C35 NEGRO (A0X5132);CONSUMIBLES B/N
KO35;COP KONICA MINOLTA  C35;TN-P22KCompatible;TONER KONICA C35 NEGRO COMAPTIBLE;CONSUMIBLES B/N
KO35;COP KONICA MINOLTA  C35;TN-P22M;TONER KONICA MINOLTA C 35 MAGENTA (A0X5332);CONSUMIBLES COLOR
KO35;COP KONICA MINOLTA  C35;TN-P22MCompatible;TONER KONICA MINOLTA C 35 MAGENTA COMPATIBLE;CONSUMIBLES COLOR
KO35;COP KONICA MINOLTA  C35;TN-P22Y;TONER KONICA MINOLTA C 35  YELOW (A0X5232);CONSUMIBLES COLOR
KO35;COP KONICA MINOLTA  C35;TN-P50K;TONER KONICA MINOLTA IMPRESORA C 3100P;CONSUMIBLES COLOR
KO35;COP KONICA MINOLTA  C35;TNP-22C;KONICA MINOLTA Toner BIZHUB C35 CIAN TNP22C/A0X5452;CONSUMIBLES COLOR
KO35;COP KONICA MINOLTA  C35;TNP-22K;KONICA MINOLTA Toner BIZHUB C35 Negro TNP22K/A0X5152;CONSUMIBLES B/N
KO35;COP KONICA MINOLTA  C35;TNP-22M;KONICA MINOLTA Toner BIZHUB C35 MAGENTA TNP22M/A0X5352;CONSUMIBLES COLOR
KO35;COP KONICA MINOLTA  C35;TNP-22Y;TONER AMARILLO KONICA MINOLTA C35 // A0X5152;CONSUMIBLES COLOR
KO353;COP KONICA MINOLTA C353;TN-213C;TONER KONICA MINOLTA C-203CYAN (A0D7432);CONSUMIBLES COLOR
KO353;COP KONICA MINOLTA C353;TN-213CCompatible;TONER KONICA MINOLTA C-203  CYAN Compatible;CONSUMIBLES COLOR
KO353;COP KONICA MINOLTA C353;TN-213K;TONER KONICA MINOLTA C203  NEGRO (A0D7132);CONSUMIBLES B/N
KO353;COP KONICA MINOLTA C353;TN-213KCompatible;TONER KONICA MINOLTA C-203  NEGRO Compatible;CONSUMIBLES B/N
KO353;COP KONICA MINOLTA C353;TN-213M;TONER KONICA MINOLTA C-203 MAGENTA(A0D7332);CONSUMIBLES COLOR
KO353;COP KONICA MINOLTA C353;TN-213MCompatible;TONER KONICA MINOLTA C 203  MAGENTA;CONSUMIBLES COLOR
KO353;COP KONICA MINOLTA C353;TN-213Y;TONER KONICA MINOLTA C-203 YELOW (A0D7232);CONSUMIBLES COLOR
KO353;COP KONICA MINOLTA C353;TN-213YCompatible;TONER KONICA MINOLTA C-203 YELOW COMPATIBLE;CONSUMIBLES COLOR
KO364;COP KONICA MINOLTA C364E;TN-321C;TONER KONICA MINOLTA  C 224 CYAN;CONSUMIBLES COLOR
KO364;COP KONICA MINOLTA C364E;TN-321CCompatible;TONER KONICA MINOLTA C 224 Cyan Compatible;CONSUMIBLES COLOR
KO364;COP KONICA MINOLTA C364E;TN-321K;TONER KONICA MINOLTA C 224 NEGRO (A33K150);CONSUMIBLES B/N
KO364;COP KONICA MINOLTA C364E;TN-321KCompatible;TONER KONICA MINOLTA C 224 NEGRO COMPTIBLE;CONSUMIBLES B/N
KO364;COP KONICA MINOLTA C364E;TN-321M;TONER KONICA MINOLTA C224 MAGENTA (A33K350);CONSUMIBLES COLOR
KO364;COP KONICA MINOLTA C364E;TN-321MCompatible;TONER KONICA MINOLTA C 224 MAGENTA COMPATIBLE;CONSUMIBLES COLOR
KO364;COP KONICA MINOLTA C364E;TN-321Y;TONER KONICA MINOLTA C-224  YELOW(A33K250);CONSUMIBLES COLOR
KO364;COP KONICA MINOLTA C364E;TN-321YCompatible;TONER KONICA MINOLTA C 224 YELOW COMPATIBLE;CONSUMIBLES COLOR
KO452;COP KONICA MINOLTA C452;TN-411K;TONER KONICA MINOLTA C451 -550 NEGRO;CONSUMIBLES B/N
KO452;COP KONICA MINOLTA C452;TN-413K;TONER KONICA MINOLTA C-452 NEGRO (A0TM151) TN-613K;CONSUMIBLES B/N
KO452;COP KONICA MINOLTA C452;TN-611C;TONER KONICA MINOLTA C 451/550  CYAN (A070430);CONSUMIBLES COLOR
KO452;COP KONICA MINOLTA C452;TN-611K;TONER KONICA MINOLTA C 451 NEGRO;CONSUMIBLES B/N
KO452;COP KONICA MINOLTA C452;TN-611Y;TONER KONICA MINOLTA C 451/550 YELOW (A070230);CONSUMIBLES COLOR
KO452;COP KONICA MINOLTA C452;TN-613C;TONER  KONICA MINOLTA C-452 CYAN (A0TM430);CONSUMIBLES COLOR
KO452;COP KONICA MINOLTA C452;TN-613CCompatible;TONER KONICA MINOLTA C-452  CYAN COMPATIBLE;CONSUMIBLES COLOR
KO452;COP KONICA MINOLTA C452;TN-613M;TONER KONICA MINOLTA C -452 MAGENTA (A0TM330);CONSUMIBLES COLOR
KO452;COP KONICA MINOLTA C452;TN-613Y;TONER KONICA MINOLTA C-452 YELOW (A0TM230);CONSUMIBLES COLOR
KO452;COP KONICA MINOLTA C452;TN-613YCompatible;TONER KONICA MINOLTA C452 AMARILLO COMPATIBLE;CONSUMIBLES COLOR
KO454;COP KONICAMINOLTA C454;TN-512C;TONER KONICA MINOLTA C454 CYAN (A33K432);CONSUMIBLES COLOR
KO454;COP KONICAMINOLTA C454;TN-512C -13K;TONER KONICA MINOLTA C 454 CYAN para 13.000 Copias;CONSUMIBLES COLOR
KO454;COP KONICAMINOLTA C454;TN-512CCompatible;TONER KONICA MINOLTA C454 C 258 CYAN COMPATIBLE-TN-324;CONSUMIBLES COLOR
KO454;COP KONICAMINOLTA C454;TN-512K;TONER KONICA MINOLTA C454  (A33K132);CONSUMIBLES COLOR
KO454;COP KONICAMINOLTA C454;TN-512KCompatible;TONER KONICA MINOLTA C454-C258 NEGRO COMPATIBLE -TN-324K;CONSUMIBLES B/N
KO454;COP KONICAMINOLTA C454;TN-512M;TONER KONICA MINOLTA C454 MAGENTA;CONSUMIBLES COLOR
KO454;COP KONICAMINOLTA C454;TN-512M-13K;TONER KONICA MINOLTA C 454 MAGENTA PARA 13.000 COPIAS;CONSUMIBLES COLOR
KO454;COP KONICAMINOLTA C454;TN-512MCompatible;TONER KONICA MINOLTA C454 -C258  MAGENTA COMPATIBLE -TN-324M;CONSUMIBLES COLOR
KO454;COP KONICAMINOLTA C454;TN-512Y;TONER KONICA MINOLTA C454  YELOW(A33K232);CONSUMIBLES COLOR
KO454;COP KONICAMINOLTA C454;TN-512Y-13K;TONER KONICA MINOLTA C 454 YELOW PARA 13.000COPIAS;CONSUMIBLES COLOR
KO454;COP KONICAMINOLTA C454;TN-512YCompatible;TONER KONICA MINOLTA C 454-C258 YELOW COMPATIBLE-TN-324Y;CONSUMIBLES COLOR
KO454E;COP KONICA MINOLTA C454E;TN-512C;TONER KONICA MINOLTA C454 CYAN (A33K432);CONSUMIBLES COLOR
KO454E;COP KONICA MINOLTA C454E;TN-512K;TONER KONICA MINOLTA C454  (A33K132);CONSUMIBLES COLOR
KO454E;COP KONICA MINOLTA C454E;TN-512M;TONER KONICA MINOLTA C454 MAGENTA;CONSUMIBLES COLOR
KO454E;COP KONICA MINOLTA C454E;TN-512Y;TONER KONICA MINOLTA C454  YELOW(A33K232);CONSUMIBLES COLOR
KO654;COP KONICA C-654;TN-711C;TONER KONCA MINOLTA C-654-754  CYAN (A3VU430);CONSUMIBLES COLOR
KO654;COP KONICA C-654;TN-711CCOMPTIBLE;TONER KONICA MINOLTA C654/ C754 CYAN COMPATIBLE;CONSUMIBLES COLOR
KO654;COP KONICA C-654;TN-711K;TONER KONICA MINOLTA C654-754 NEGRO (A3VU130);CONSUMIBLES B/N
KO654;COP KONICA C-654;TN-711KCOMPATIBLE;TONER KONICA MINOLTA C654/ C754 NEGRO COMPATIBLE;CONSUMIBLES B/N
KO654;COP KONICA C-654;TN-711M;TONER KONICA MINOLTA C-654-754 MAGENTA (A3VU330);CONSUMIBLES COLOR
KO654;COP KONICA C-654;TN-711Y;TONER KONICA MINOLTA C-654-754 YELOW (A3VU230);CONSUMIBLES COLOR
KOBZ253;COP  KONICA MINOLTA C253;TN-213C;TONER KONICA MINOLTA C-203CYAN (A0D7432);CONSUMIBLES COLOR
KOBZ253;COP  KONICA MINOLTA C253;TN-213CCompatible;TONER KONICA MINOLTA C-203  CYAN Compatible;CONSUMIBLES COLOR
KOBZ253;COP  KONICA MINOLTA C253;TN-213K;TONER KONICA MINOLTA C203  NEGRO (A0D7132);CONSUMIBLES B/N
KOBZ253;COP  KONICA MINOLTA C253;TN-213KCompatible;TONER KONICA MINOLTA C-203  NEGRO Compatible;CONSUMIBLES B/N
KOBZ253;COP  KONICA MINOLTA C253;TN-213M;TONER KONICA MINOLTA C-203 MAGENTA(A0D7332);CONSUMIBLES COLOR
KOBZ253;COP  KONICA MINOLTA C253;TN-213MCompatible;TONER KONICA MINOLTA C 203  MAGENTA;CONSUMIBLES COLOR
KOBZ253;COP  KONICA MINOLTA C253;TN-213Y;TONER KONICA MINOLTA C-203 YELOW (A0D7232);CONSUMIBLES COLOR
KOBZ253;COP  KONICA MINOLTA C253;TN-213YCompatible;TONER KONICA MINOLTA C-203 YELOW COMPATIBLE;CONSUMIBLES COLOR
KOBZ258;Máquina fotocopiadora Konica Minolta C 258;TN-512CCompatible;TONER KONICA MINOLTA C454 C 258 CYAN COMPATIBLE-TN-324;CONSUMIBLES COLOR
KOBZ258;Máquina fotocopiadora Konica Minolta C 258;TN-512K;TONER KONICA MINOLTA C454  (A33K132);CONSUMIBLES COLOR
KOBZ258;Máquina fotocopiadora Konica Minolta C 258;TN-512KCompatible;TONER KONICA MINOLTA C454-C258 NEGRO COMPATIBLE -TN-324K;CONSUMIBLES B/N
KOBZ258;Máquina fotocopiadora Konica Minolta C 258;TN-512MCompatible;TONER KONICA MINOLTA C454 -C258  MAGENTA COMPATIBLE -TN-324M;CONSUMIBLES COLOR
KOBZ258;Máquina fotocopiadora Konica Minolta C 258;TN-512YCompatible;TONER KONICA MINOLTA C 454-C258 YELOW COMPATIBLE-TN-324Y;CONSUMIBLES COLOR
KOBZC3100P;IMPRESORA KONICA MINOLTA C3100P;TN-P50K;TONER KONICA MINOLTA IMPRESORA C 3100P;CONSUMIBLES COLOR
KOBZC3350;COP KONICA MINOLTA C3350;ACDNWY1;BOTE RESIDUAL KONICA BIZHUB C3350 C3850;CONSUMIBLES B/N
KOBZC3350;COP KONICA MINOLTA C3350;TN-P48C;TONER KONICA MINOLTA C 3350 CYAN;CONSUMIBLES COLOR
KOBZC3350;COP KONICA MINOLTA C3350;TN-P48K;TONER KONICA MINOLTA C 3350 NEGRO;CONSUMIBLES B/N
KOBZC3350;COP KONICA MINOLTA C3350;TN-P48KCompatible;TONER KONICA MINOLTA C3350 NEGRO COMPATIBLE;CONSUMIBLES B/N
KOBZC3350;COP KONICA MINOLTA C3350;TN-P48M;TONER KONICA MINOLTA C 3350 MAGENTA;CONSUMIBLES COLOR
KOBZC3350;COP KONICA MINOLTA C3350;TN-P48Y;TONER KONICA MINOLTA YELOW;CONSUMIBLES COLOR
KOBZC3351;COP KONICA MINOLTA C3351;TN-P48C;TONER KONICA MINOLTA C 3350 CYAN;CONSUMIBLES COLOR
KOBZC3351;COP KONICA MINOLTA C3351;TN-P48K;TONER KONICA MINOLTA C 3350 NEGRO;CONSUMIBLES B/N
KOBZC3351;COP KONICA MINOLTA C3351;TN-P48KCompatible;TONER KONICA MINOLTA C3350 NEGRO COMPATIBLE;CONSUMIBLES B/N
KOBZC3351;COP KONICA MINOLTA C3351;TN-P48M;TONER KONICA MINOLTA C 3350 MAGENTA;CONSUMIBLES COLOR
KOBZC3351;COP KONICA MINOLTA C3351;TN-P48MCompatble;Toner Konica Minolta c3350 Magenta Compatible;CONSUMIBLES COLOR
KOBZC3351;COP KONICA MINOLTA C3351;TN-P48Y;TONER KONICA MINOLTA YELOW;CONSUMIBLES COLOR
KOBZC3351;COP KONICA MINOLTA C3351;TN-P49 Y COMPATIBLE;TONER KONICA MINOLTA C3351 YELOW COMPATIBLE;CONSUMIBLES COLOR
KOBZC3351;COP KONICA MINOLTA C3351;TN-P49C COMPATIBLE;TONER KONICA MINOLTA C3351CYAN COMPATIBLE;CONSUMIBLES COLOR
KOBZC3351;COP KONICA MINOLTA C3351;TN-P49K COMPATIBLE;TONER KONICA MINOLTA  C3351 NEGRO COMPATIBLE;CONSUMIBLES B/N
KOBZC3351;COP KONICA MINOLTA C3351;TN-P49M COMPATIBLE;TONER KONICA MINOLTA C3351 MAGENTA COMPATIBLE;CONSUMIBLES COLOR
KOBZC3351;COP KONICA MINOLTA C3351;TNP-48K;KONICA MINOLTA Toner COPIADORA Negro TNP48K/A5X0150;CONSUMIBLES B/N
KOBZC360;COP KONICA MINOLTA C360;TN-216CCompatible;TONER KONICA MINOLTA C 220/280 CYAN COMPATIBLE;CONSUMIBLES COLOR
KOBZC360;COP KONICA MINOLTA C360;TN-216KCompatible;TONER KONICA MINOLTA TN-216 NEGRO COMPATIBLE;CONSUMIBLES B/N
KOBZC360;COP KONICA MINOLTA C360;TN-216MCompatible;TONER KONICA MINOLTA C 220/280 MAGENTA COMPATIBLE;CONSUMIBLES COLOR
KOBZC360;COP KONICA MINOLTA C360;TN-216YCompatible;TONER KONICA MINOLTA C-220-280 Yelow Compatible;CONSUMIBLES COLOR
KOBZC360;COP KONICA MINOLTA C360;TN-319C;TONER KONICA MINOLTA C360 CYAN;CONSUMIBLES COLOR
KOBZC360;COP KONICA MINOLTA C360;TN-319K;TONER KONICA MINOLTA C 360  NEGRO;CONSUMIBLES B/N
KOBZC360;COP KONICA MINOLTA C360;TN-319M;TONER KONICA MINOLTA C360 MAGENTA;CONSUMIBLES COLOR
KOBZC360;COP KONICA MINOLTA C360;TN-319Y;TONER KONICA MINOLTA C 360 YELOW (A11G230);CONSUMIBLES COLOR
KOBZC368;COP KONICA MINOLTA C 368;TN-324CCOMPATIBLE;TONER KONICA MINOLTA C 558 CYAN COMPATIBLE;CONSUMIBLES COLOR
KOBZC558;COP KONICA MINOLTA C 558;TN-324CCOMPATIBLE;TONER KONICA MINOLTA C 558 CYAN COMPATIBLE;CONSUMIBLES COLOR
KOBZC558;COP KONICA MINOLTA C 558;TN-324KCOMPATIBLE;TONER KONICA MINOLTA C 558 NEGRO COMPATIBLE;CONSUMIBLES B/N
KOBZC558;COP KONICA MINOLTA C 558;TN-324MCOMPATIBLE;TONER KONICA MINOLTA C558 MAGENTA COMPATIBLE;CONSUMIBLES COLOR
KOBZC558;COP KONICA MINOLTA C 558;TN-324YCOMPATIBLE;TONER KONICA MINOLTA C 558 YELOW COMPATIBLE;CONSUMIBLES COLOR
KOBZC558;COP KONICA MINOLTA C 558;TN-514K;TONER KONICA MINOLTA C 558 NEGRO ORIGINAL;CONSUMIBLES B/N
KOC203;COP KONICA MINOLTA C203;TN-213C;TONER KONICA MINOLTA C-203CYAN (A0D7432);CONSUMIBLES COLOR
KOC203;COP KONICA MINOLTA C203;TN-213CCompatible;TONER KONICA MINOLTA C-203  CYAN Compatible;CONSUMIBLES COLOR
KOC203;COP KONICA MINOLTA C203;TN-213K;TONER KONICA MINOLTA C203  NEGRO (A0D7132);CONSUMIBLES B/N
KOC203;COP KONICA MINOLTA C203;TN-213KCompatible;TONER KONICA MINOLTA C-203  NEGRO Compatible;CONSUMIBLES B/N
KOC203;COP KONICA MINOLTA C203;TN-213M;TONER KONICA MINOLTA C-203 MAGENTA(A0D7332);CONSUMIBLES COLOR
KOC203;COP KONICA MINOLTA C203;TN-213MCompatible;TONER KONICA MINOLTA C 203  MAGENTA;CONSUMIBLES COLOR
KOC203;COP KONICA MINOLTA C203;TN-213Y;TONER KONICA MINOLTA C-203 YELOW (A0D7232);CONSUMIBLES COLOR
KOC203;COP KONICA MINOLTA C203;TN-213YCompatible;TONER KONICA MINOLTA C-203 YELOW COMPATIBLE;CONSUMIBLES COLOR
KOC203;COP KONICA MINOLTA C203;TN-314C;TONER KONICA MINOLTA C 353  CYAN (A0D7431);CONSUMIBLES COLOR
KOC203;COP KONICA MINOLTA C203;TN-314K;TONER KONICA MINOLTA C-353 NEGRO (A0D7131);CONSUMIBLES B/N
KOC203;COP KONICA MINOLTA C203;TN-314M;TONER KONICA MINOLTA C 353  MAGENTA (A0D7331);CONSUMIBLES COLOR
KOC203;COP KONICA MINOLTA C203;TN-314Y;TONER  KONICA MINOLTA C-353  YELOW (A0D7231);CONSUMIBLES COLOR
KOC220;COP KONICA MINOLTA C220;DITN216K;TONER COMP. NEGRO BIZHUB C220, C280;CONSUMIBLES B/N
KOC220;COP KONICA MINOLTA C220;DITN216M;TONER COMP.MAGENTA BIZHUB C220. 280;CONSUMIBLES COLOR
KOC220;COP KONICA MINOLTA C220;TN-216C;TONER KONICA MINOLTA C-220-280 CYAN (A11G431);CONSUMIBLES COLOR
KOC220;COP KONICA MINOLTA C220;TN-216CCompatible;TONER KONICA MINOLTA C 220/280 CYAN COMPATIBLE;CONSUMIBLES COLOR
KOC220;COP KONICA MINOLTA C220;TN-216K;TONER KONICA MINOLTA C-220-280 NEGRO (A11G131);CONSUMIBLES B/N
KOC220;COP KONICA MINOLTA C220;TN-216KCompatible;TONER KONICA MINOLTA TN-216 NEGRO COMPATIBLE;CONSUMIBLES B/N
KOC220;COP KONICA MINOLTA C220;TN-216M;TONER  KONICA MINOLTA C-220-280 MAGENTA (A11G331);CONSUMIBLES COLOR
KOC220;COP KONICA MINOLTA C220;TN-216MCompatible;TONER KONICA MINOLTA C 220/280 MAGENTA COMPATIBLE;CONSUMIBLES COLOR
KOC220;COP KONICA MINOLTA C220;TN-216Y;TONER KONICA MINOLTA TN-216 YELOW (A11G231);CONSUMIBLES COLOR
KOC220;COP KONICA MINOLTA C220;TN-216YCompatible;TONER KONICA MINOLTA C-220-280 Yelow Compatible;CONSUMIBLES COLOR
KOC224E;COP KONICA MINOLTA C224E;DIB1036;TONER COMP.NEGRO d-COLOR MF222/282/362;CONSUMIBLES B/N
KOC224E;COP KONICA MINOLTA C224E;DIB1038;TONER M D-COLOR MF222/282/362;CONSUMIBLES COLOR
KOC224E;COP KONICA MINOLTA C224E;DIB1039;TONER Y D-COLOR MF222/282/362;CONSUMIBLES COLOR
KOC224E;COP KONICA MINOLTA C224E;TN-321C;TONER KONICA MINOLTA  C 224 CYAN;CONSUMIBLES COLOR
KOC224E;COP KONICA MINOLTA C224E;TN-321C 12.5 K;TONER KONICA MINOLTA C 224 CYAN -12.5 K;CONSUMIBLES COLOR
KOC224E;COP KONICA MINOLTA C224E;TN-321CCompatible;TONER KONICA MINOLTA C 224 Cyan Compatible;CONSUMIBLES COLOR
KOC224E;COP KONICA MINOLTA C224E;TN-321K;TONER KONICA MINOLTA C 224 NEGRO (A33K150);CONSUMIBLES B/N
KOC224E;COP KONICA MINOLTA C224E;TN-321KCompatible;TONER KONICA MINOLTA C 224 NEGRO COMPTIBLE;CONSUMIBLES B/N
KOC224E;COP KONICA MINOLTA C224E;TN-321M;TONER KONICA MINOLTA C224 MAGENTA (A33K350);CONSUMIBLES COLOR
KOC224E;COP KONICA MINOLTA C224E;TN-321MCompatible;TONER KONICA MINOLTA C 224 MAGENTA COMPATIBLE;CONSUMIBLES COLOR
KOC224E;COP KONICA MINOLTA C224E;TN-321Y;TONER KONICA MINOLTA C-224  YELOW(A33K250);CONSUMIBLES COLOR
KOC224E;COP KONICA MINOLTA C224E;TN-321Y 12.5;TONER KONICA MINOLTA C 224 YELOW 12.5;CONSUMIBLES COLOR
KOC224E;COP KONICA MINOLTA C224E;TN-321YCompatible;TONER KONICA MINOLTA C 224 YELOW COMPATIBLE;CONSUMIBLES COLOR
KOC3850;COP KONICA MINOLTA C3850;TN-P48C;TONER KONICA MINOLTA C 3350 CYAN;CONSUMIBLES COLOR
KOC3850;COP KONICA MINOLTA C3850;TN-P48K;TONER KONICA MINOLTA C 3350 NEGRO;CONSUMIBLES B/N
KOC3850;COP KONICA MINOLTA C3850;TN-P48M;TONER KONICA MINOLTA C 3350 MAGENTA;CONSUMIBLES COLOR
KOC3850;COP KONICA MINOLTA C3850;TN-P48Y;TONER KONICA MINOLTA YELOW;CONSUMIBLES COLOR
KONC3851;MAQUINA FOTOCOPIADORA KONICA MINOLTA C 3851;TN-P48K;TONER KONICA MINOLTA C 3350 NEGRO;CONSUMIBLES B/N
KONC3851;MAQUINA FOTOCOPIADORA KONICA MINOLTA C 3851;TN-P48KCompatible;TONER KONICA MINOLTA C3350 NEGRO COMPATIBLE;CONSUMIBLES B/N
KONC3851;MAQUINA FOTOCOPIADORA KONICA MINOLTA C 3851;TN-P49 Y COMPATIBLE;TONER KONICA MINOLTA C3351 YELOW COMPATIBLE;CONSUMIBLES COLOR
KONC3851;MAQUINA FOTOCOPIADORA KONICA MINOLTA C 3851;TN-P49C COMPATIBLE;TONER KONICA MINOLTA C3351CYAN COMPATIBLE;CONSUMIBLES COLOR
KONC3851;MAQUINA FOTOCOPIADORA KONICA MINOLTA C 3851;TN-P49K COMPATIBLE;TONER KONICA MINOLTA  C3351 NEGRO COMPATIBLE;CONSUMIBLES B/N
KONC3851;MAQUINA FOTOCOPIADORA KONICA MINOLTA C 3851;TN-P49M COMPATIBLE;TONER KONICA MINOLTA C3351 MAGENTA COMPATIBLE;CONSUMIBLES COLOR
LEXMARK M5255;LEXMARK M5255;25B3079;Lexmark 25B3079 toner negro;CONSUMIBLES B/N
Lexmark MX622ade;Lexmark MX622ade;56F0UA0;"Lexmark MS/MX521, 622; MX522; MS621";CONSUMIBLES B/N
LEXMARK XC2335;LEXMARK XC2335;24B7181;Lexmark 24B7181 cartucho de tóner Original Negro;CONSUMIBLES B/N
LEXMARK XC2335;LEXMARK XC2335;24B7182;LEXMARK 24B7182 Cartucho Cian;CONSUMIBLES COLOR
LEXMARK XC2335;LEXMARK XC2335;24B7183;LEXMARK 24B7183 Cartucho Magenta;CONSUMIBLES COLOR
LEXMARK XC2335;LEXMARK XC2335;24B7184;Lexmark 24B7184 Cartucho Amarillo;CONSUMIBLES COLOR
LEXMARK XM3350;LEXMARK XM3350;24B7542;Lexmark 24B7542 toner negro XL;CONSUMIBLES B/N
LEXMARK XM5365;LEXMARK XM5365;25B3079;Lexmark 25B3079 toner negro;CONSUMIBLES B/N
LEXMARK5365;LEXMARK MX5365;25B3079;Lexmark 25B3079 toner negro;CONSUMIBLES B/N
LEXMARKMS823;IMPRESORA LEXMARK MS 823dn;58D2000;TONER LEXMARK MS 823;CONSUMIBLES B/N
MCP3503;RICOH MPC 3503;841817;TONER NEGRO RICOH MPC 3003 / 3503 / 3004 / 3504;CONSUMIBLES B/N
MCP3503;RICOH MPC 3503;841818;TONER AMARILLO RICOH MPC 3003 / 3503 / 3004 / 3504;CONSUMIBLES COLOR
MCP3503;RICOH MPC 3503;841819;TONER MAGENTA RICOH MPC 3003 / 3503 / 3004 / 3504;CONSUMIBLES COLOR
MCP3503;RICOH MPC 3503;841820;TONER CIAN RICOH MPC 3003 / 3503 / 3004 / 3504;CONSUMIBLES COLOR
MFC-9330CDW;BROTHER MFC-9330CDW;TN241BK;TONER NEGRO BROTHER MFC-9330CDW;CONSUMIBLES B/N
MFC-9330CDW;BROTHER MFC-9330CDW;TN241C;TONER CYAN BROTHER MFC-9330CDW;CONSUMIBLES COLOR
MFC-9330CDW;BROTHER MFC-9330CDW;TN241M;TONER MAGENTA BROTHER MFC-9330CDW;CONSUMIBLES COLOR
MFC-9330CDW;BROTHER MFC-9330CDW;TN241Y;TONER AMARILLO BROTHER MFC-9330CDW;CONSUMIBLES COLOR
MFC-9330CDW;BROTHER MFC-9330CDW;WT220CL;BOTE RESIDUAL BROTHER MFC-9330CDW;CONSUMIBLES COLOR
MHP428;MULT. LASERJET PRO HP M428 FDN;3032900;TONER HP LASERJET CF259A NEGRO;CONSUMIBLES B/N
MHP428;MULT. LASERJET PRO HP M428 FDN;CF259A;HP LaserJet nº59A Toner Negro;CONSUMIBLES B/N
MHP428;MULT. LASERJET PRO HP M428 FDN;CF259X;TONER HP LASERJET Nº59X TONER NEGRO CF259X;CONSUMIBLES B/N
MHP428;MULT. LASERJET PRO HP M428 FDN;DICF259X;HP 59X XEROX LASERJET PRO A404;CONSUMIBLES B/N
MHP428;MULT. LASERJET PRO HP M428 FDN;T-TNHPM428;TÓNER HP M428/M404;CONSUMIBLES B/N
MITPCK80DW;MITSUBISHI IMPRESORA CP-D80DW;MITPCKD820;MITSUBISHI PAPEL CK-D820 10X15/15X20 ROJA;CONSUMIBLES B/N
MITPCK80DWS;MITSUBISHI IMPRESORA CP-D80DW-S;MITPCKD820;MITSUBISHI PAPEL CK-D820 10X15/15X20 ROJA;CONSUMIBLES B/N
MP171;COP RICOH MP 171;842338;RICOH TONER AFICIO 1515/MP161/MP2021/MP171F/DPF;CONSUMIBLES B/N
MP171;COP RICOH MP 171;TYPE-1270D;TONER RICOH MP 171 /201(841718);CONSUMIBLES COLOR
MP2555;RICOH MP2555;842125;TONER NEGRO MP 3554;CONSUMIBLES B/N
MXB456WH;COPIADORA SHARP MXB456WH;MXB45GT;TONER TN/CA BLACK NANO;CONSUMIBLES COLOR
MXM3571SEU;COPIADORA SHARP MXM3571SEU;MX561GT;TONER CA ORION BK;CONSUMIBLES COLOR
MXM5051EU;COPIADORA SHARP EU MXM5051;MX561GT;TONER CA ORION BK;CONSUMIBLES COLOR
PLOTERT5200;EPSON SURECOLOR T5200;C13T693100;Epson GF Serie SC-T Cartucho negro Foto 350 ml;CONSUMIBLES B/N
PLOTERT5200;EPSON SURECOLOR T5200;C13T69320N;Epson GF Serie SC-T Cartucho cian 350 ml;CONSUMIBLES COLOR
PLOTERT5200;EPSON SURECOLOR T5200;C13T69330N;Epson GF Serie SC-T Cartucho magenta 350 ml;CONSUMIBLES COLOR
PLOTERT5200;EPSON SURECOLOR T5200;C13T69340N;Epson GF Serie SC-T Cartucho amarillo 350 ml;CONSUMIBLES COLOR
PLOTERT5200;EPSON SURECOLOR T5200;C13T693500;Epson GF Serie SC-T Cartucho negro Mate 350 ml;CONSUMIBLES B/N
PM1HV0000RS;IMPRESORA TARJETAS EVOLIS PRIMACY EXPERT;R5F002EAA;CONSUMIBLE PRIMACY COLOR 200 IMPRESIONES;CONSUMIBLES COLOR
PM1HV0000RS;IMPRESORA TARJETAS EVOLIS PRIMACY EXPERT;RCT023NAA;CONSUMIBLE PRIMACY MONOCROMO 2.000 UNIDADES;CONSUMIBLES B/N
PROC6000;COP KONICA COLOR PRO C 6000;TN-616C;TONER CYAN PRO C6000;CONSUMIBLES COLOR
PROC6000;COP KONICA COLOR PRO C 6000;TN-616K;TONER NEGRO PRO C6000;CONSUMIBLES B/N
PROC6000;COP KONICA COLOR PRO C 6000;TN-616M;TONER MAGENTA PRO C6000;CONSUMIBLES COLOR
PROC6000;COP KONICA COLOR PRO C 6000;TN-616Y;TONER YELOW PRO C 6000;CONSUMIBLES COLOR
R1102R53NL0;REAC TASKalfa 356ci;1902R60UN0;WT-5190;CONSUMIBLES B/N
R1102R53NL0;REAC TASKalfa 356ci;1T02R50NL0;TK-5205K;CONSUMIBLES B/N
R1102R53NL0;REAC TASKalfa 356ci;1T02R5ANL0;TK-5205Y;CONSUMIBLES COLOR
R1102R53NL0;REAC TASKalfa 356ci;1T02R5BNL0;TK-5205M;CONSUMIBLES COLOR
R1102R53NL0;REAC TASKalfa 356ci;1T02R5CNL0;TK-5205C;CONSUMIBLES COLOR
RI201;COP. RICOH MP 201 SPF;TYPE-1270D;TONER RICOH MP 171 /201(841718);CONSUMIBLES COLOR
RI2550;COP RICOH MP 2550;TYPE-2220D;TONER RICOH MP 2550;CONSUMIBLES COLOR
RI2550;COP RICOH MP 2550;TYPE-2220DCompatible;TONER RICOH MP 2550 TIPO 2220D COMPATIBLE;CONSUMIBLES COLOR
RI2554;COP RICOH MP 2554;842348;TONER NEGRO MP3554;CONSUMIBLES B/N
RI2554;COP RICOH MP 2554;842770;PRINT CARTRIDGE BLACK MP 3554;CONSUMIBLES B/N
RI2554;COP RICOH MP 2554;TYPE-2554;TONER RICOH MP 2554;CONSUMIBLES COLOR
RI301;COP RICOH MP 301;TYPE-301;TONER RICOH MP 301;CONSUMIBLES COLOR
RI4510;IMP RICOH SP4510DN;TYPESP4510;TONER RICOH TIPO SP4510DN;CONSUMIBLES COLOR
RI4510;IMP RICOH SP4510DN;TYPESP4510Compatible;TONER RICOH  4510 SP COMPATIBLE;CONSUMIBLES COLOR
RI5500;COP RICOH MP 5500;842346;TONER MP 9002 - IM 7000 - 7502;CONSUMIBLES B/N
RI5500;COP RICOH MP 5500;TYPE-6210D;TONER RICOH MP 5500 TIPO 6210D (885400);CONSUMIBLES COLOR
RI6000;COP RICOH MP 6000;842346;TONER MP 9002 - IM 7000 - 7502;CONSUMIBLES B/N
RI6000;COP RICOH MP 6000;Type-6210Compatible;TONER RICOH MP 5500 Compatible;CONSUMIBLES COLOR
RI6000;COP RICOH MP 6000;TYPE-6210D;TONER RICOH MP 5500 TIPO 6210D (885400);CONSUMIBLES COLOR
RI6001;COP RICOH MP 6001;842346;TONER MP 9002 - IM 7000 - 7502;CONSUMIBLES B/N
RI6001;COP RICOH MP 6001;TYPE-6210D;TONER RICOH MP 5500 TIPO 6210D (885400);CONSUMIBLES COLOR
RI9000;COP RICOH MP 9000;TYPE-1350;TONER RICOH MP 9000- PRO 906 (884994);CONSUMIBLES COLOR
RICMP2851;MÁQUINA FOTOCOPIADORA RICOH MP 2851;842342;TÓNER NEGRO RICO MP3353/2220D;CONSUMIBLES B/N
RICMP2851;MÁQUINA FOTOCOPIADORA RICOH MP 2851;TYPE-2220D;TONER RICOH MP 2550;CONSUMIBLES COLOR
RICMP7001;COP RICOH MP 7001;842346;TONER MP 9002 - IM 7000 - 7502;CONSUMIBLES B/N
RICMP7001;COP RICOH MP 7001;TYPE-6210D;TONER RICOH MP 5500 TIPO 6210D (885400);CONSUMIBLES COLOR
RICMP7500;COP. RICOH MP 7500;842346;TONER MP 9002 - IM 7000 - 7502;CONSUMIBLES B/N
RICMP7500;COP. RICOH MP 7500;TYPE-6210D;TONER RICOH MP 5500 TIPO 6210D (885400);CONSUMIBLES COLOR
RICMP8000;COP RICOH MP 8000;TYPE-6210D;TONER RICOH MP 5500 TIPO 6210D (885400);CONSUMIBLES COLOR
RICMP8001;COP RICOH MP 8001;842346;TONER MP 9002 - IM 7000 - 7502;CONSUMIBLES B/N
RICMP8001;COP RICOH MP 8001;TYPE-6210D;TONER RICOH MP 5500 TIPO 6210D (885400);CONSUMIBLES COLOR
RICMPPRO906;COP RICOH MP PRO 906;TYPE-1350;TONER RICOH MP 9000- PRO 906 (884994);CONSUMIBLES COLOR
RICOH AFICIO MP161;RICOH AFICIO MP161;888261;TONER NEGRO RICOH 1270D (Aficio 1515/MP161/MP201/MP171F/SPF);CONSUMIBLES B/N
RICOH IM  2500;RICOH IM  2500;842125;TONER NEGRO MP 3554;CONSUMIBLES B/N
RICOH IM 3000A;RICOH IM 3000A;842125;TONER NEGRO MP 3554;CONSUMIBLES B/N
RICOH IM 370;RICOH IM 370;842610;Ricoh 842610 toner negro IM 370;CONSUMIBLES B/N
Ricoh IMC3010;RICOH IM C 3010;842506;TONER NEGRO RICOH IMC 3010/3510;CONSUMIBLES COLOR
Ricoh IMC3010;RICOH IM C 3010;842507;TONER AMARILLO RICOH IMC 3010/3510;CONSUMIBLES COLOR
Ricoh IMC3010;RICOH IM C 3010;842508;TONER MAGENTA RICOH IMC 3010/3510;CONSUMIBLES COLOR
Ricoh IMC3010;RICOH IM C 3010;842509;TONER CIAN RICOH IMC 3010/3510;CONSUMIBLES COLOR
RICOH MP;MÁQUINA FOTOCOPIADORA RICOH MP 9000;TYPE-1350;TONER RICOH MP 9000- PRO 906 (884994);CONSUMIBLES COLOR
RICOH MP 161;RICOH MP 161;842338;RICOH TONER AFICIO 1515/MP161/MP2021/MP171F/DPF;CONSUMIBLES B/N
RICOH MP 4055ASP;RICOH MP 4055ASP;842127;Ricoh type MP 6054 toner 842000/842127 negro;CONSUMIBLES B/N
RICOH MP 501;RICOH MP 501;407824;Ricoh type MP 601 toner 407824 negro;CONSUMIBLES B/N
RICOH MP2000SP;RICOH MP2000SP;32TC1130RI;TONER RICOH TIPO 1230D - MP2000;CONSUMIBLES B/N
RICOH MP3055 SP;RICOH MP3055 SP;842125;TONER NEGRO MP 3554;CONSUMIBLES B/N
RICOH MPC307;RICOH MPC307;842095;TONER NEGRO RICOH MPC 306 / 307 / 406 / 407;CONSUMIBLES COLOR
RICOH MPC307;RICOH MPC307;842096;TONER CIAN RICOH MPC 306 / 307 / 406 / 407;CONSUMIBLES COLOR
RICOH MPC307;RICOH MPC307;842097;TONER MAGENTA RICOH MPC 306 / 307 / 406 / 407;CONSUMIBLES COLOR
RICOH MPC307;RICOH MPC307;842098;TONER AMARILLO RICOH MPC 306 / 307 / 406 / 407;CONSUMIBLES COLOR
RICOH SP 5300DN;RICOH SP 5300DN;Ricoh type MP 601 toner 407824 negro;Ricoh type MP 601 toner 407824 negro;CONSUMIBLES B/N
RICOH_MP6503;RICOH MP 6503;842346;TONER MP 9002 - IM 7000 - 7502;CONSUMIBLES B/N
RICOH_PROC5200S;RICOH PRO 5200S;828426;TONER NEGRO PRO C5200S;CONSUMIBLES COLOR
RICOH_PROC5200S;RICOH PRO 5200S;828427;TONER AMARILLO PRO C5200S;CONSUMIBLES COLOR
RICOH_PROC5200S;RICOH PRO 5200S;828428;TONER MAGENTA PRO C5200S;CONSUMIBLES COLOR
RICOH_PROC5200S;RICOH PRO 5200S;828429;TONER CYAN PRO C5200S;CONSUMIBLES COLOR
RICOH_PROC5300SL;RICOH PRO C5300;828601;TONER NEGRO RICOH PRO C5300;CONSUMIBLES COLOR
RICOH_PROC5300SL;RICOH PRO C5300;828602;TONER AMARILLO RICOH PRO C5300;CONSUMIBLES COLOR
RICOH_PROC5300SL;RICOH PRO C5300;828603;TONER MAGENTA RICOH PRO C5300;CONSUMIBLES COLOR
RICOH_PROC5300SL;RICOH PRO C5300;828604;TONER CIAN RICOH PRO C5300;CONSUMIBLES COLOR
RICOH_PROC5300SL;RICOH PRO C5300;D0CN3521;COLLECTION BOTTLE ASS´Y PRO C5100;CONSUMIBLES COLOR
RICOHC5310;RICOH PRO C5310;828601;TONER NEGRO RICOH PRO C5300;CONSUMIBLES COLOR
RICOHC5310;RICOH PRO C5310;828602;TONER AMARILLO RICOH PRO C5300;CONSUMIBLES COLOR
RICOHC5310;RICOH PRO C5310;828603;TONER MAGENTA RICOH PRO C5300;CONSUMIBLES COLOR
RICOHC5310;RICOH PRO C5310;828604;TONER CIAN RICOH PRO C5300;CONSUMIBLES COLOR
RICOHC7200;RICOH PRO C7200;828498;TONER RICOH C7200 NEGRO - 828756;CONSUMIBLES B/N
RICOHC7200;RICOH PRO C7200;828499;TONER RICOH C7200 AMARILLO 828757;CONSUMIBLES COLOR
RICOHC7200;RICOH PRO C7200;828500;TONER RICOH C7200 MAGENTA - 828758;CONSUMIBLES COLOR
RICOHC7200;RICOH PRO C7200;828501;TONER RICOH C7200 CIAN - 828759;CONSUMIBLES COLOR
RICOHC7210;RICOH PRO C7210;828498;TONER RICOH C7200 NEGRO - 828756;CONSUMIBLES B/N
RICOHC7210;RICOH PRO C7210;828499;TONER RICOH C7200 AMARILLO 828757;CONSUMIBLES COLOR
RICOHC7210;RICOH PRO C7210;828500;TONER RICOH C7200 MAGENTA - 828758;CONSUMIBLES COLOR
RICOHC7210;RICOH PRO C7210;828501;TONER RICOH C7200 CIAN - 828759;CONSUMIBLES COLOR
RICOHC7210;RICOH PRO C7210;828756;TONER RICOH C7200 NEGRO;CONSUMIBLES B/N
RICOHC7210;RICOH PRO C7210;828757;TONER RICOH C7200 AMARILLO;CONSUMIBLES COLOR
RICOHC7210;RICOH PRO C7210;828758;TONER RICOH C7200 MAGENTA;CONSUMIBLES COLOR
RICOHC7210;RICOH PRO C7210;828759;TONER RICOH C7200 CIAN;CONSUMIBLES COLOR
RICOHIMC2010;RICOH IM C 2010;842561;TONER ORIGINAL para Ricoh IM C2010 negro;CONSUMIBLES COLOR
RICOHIMC2010;RICOH IM C 2010;842562;TONER ORIGINAL para Ricoh IM C2010 amarillo;CONSUMIBLES COLOR
RICOHIMC2010;RICOH IM C 2010;842563;TONER ORIGINAL para Ricoh IM C2010 magenta;CONSUMIBLES COLOR
RICOHIMC2010;RICOH IM C 2010;842564;TONER ORIGINAL para Ricoh IM C2010 cian;CONSUMIBLES COLOR
RICOHIMC300;RICOH IM C 300;842382;Ricoh IM C300 toner 842382 negro;CONSUMIBLES COLOR
RICOHIMC300;RICOH IM C 300;842383;Ricoh IM C300 toner 842383 cian;CONSUMIBLES COLOR
RICOHIMC300;RICOH IM C 300;842384;Ricoh IM C300 toner 842384 magenta;CONSUMIBLES COLOR
RICOHIMC300;RICOH IM C 300;842385;Ricoh IM C300 toner 842385 amarillo;CONSUMIBLES COLOR
RICOHMP2001;RICOH MP 2001;842009;TONER RICOH MP 2001 / 2501;CONSUMIBLES B/N
RICOHMP2501;RICOH MP 2501sp;842009;TONER RICOH MP 2001 / 2501;CONSUMIBLES B/N
RICOHMP2550;RICOH MP 2550;842042;TONER NEGRO RICOH MP 2550 - 3010 - 3350 - 1027;CONSUMIBLES B/N
RICOHMP2554;RICOH MP 2554;841994;TONER RICOH MP 2554 / MP 3054 / MP 3554;CONSUMIBLE NEGRO
RICOHMP301;RICOH MP 301 spf;841913;Toner Ricoh Aficio MP 301SPF;CONSUMIBLES B/N
RICOHMPC2003;RICOH MPC 2003;841925;TONER NEGRO RICOH MPC 2011 / 2003 / 2004 / 2503 /  2504;CONSUMIBLES B/N
RICOHMPC2003;RICOH MPC 2003;841926;TONER AMARILLO RICOH MPC 2011 / 2003 / 2004 / 2503  / 2504;CONSUMIBLES COLOR
RICOHMPC2003;RICOH MPC 2003;841927;TONER MAGENTA RICOH MPC 2011 / 2003 / 2004 / 2503  / 2504;CONSUMIBLES COLOR
RICOHMPC2003;RICOH MPC 2003;841928;TONER CIAN RICOH MPC 2011 / 2003 / 2004 / 2503 / 2 504;CONSUMIBLES COLOR
RICOHMPC2004;RICOH MPC 2004sp;841925;TONER NEGRO RICOH MPC 2011 / 2003 / 2004 / 2503 /  2504;CONSUMIBLES B/N
RICOHMPC2004;RICOH MPC 2004sp;841926;TONER AMARILLO RICOH MPC 2011 / 2003 / 2004 / 2503  / 2504;CONSUMIBLES COLOR
RICOHMPC2004;RICOH MPC 2004sp;841927;TONER MAGENTA RICOH MPC 2011 / 2003 / 2004 / 2503  / 2504;CONSUMIBLES COLOR
RICOHMPC2004;RICOH MPC 2004sp;841928;TONER CIAN RICOH MPC 2011 / 2003 / 2004 / 2503 / 2 504;CONSUMIBLES COLOR
RICOHMPC2011;RICOH MPC 2011sp;841925;TONER NEGRO RICOH MPC 2011 / 2003 / 2004 / 2503 /  2504;CONSUMIBLES B/N
RICOHMPC2011;RICOH MPC 2011sp;841926;TONER AMARILLO RICOH MPC 2011 / 2003 / 2004 / 2503  / 2504;CONSUMIBLES COLOR
RICOHMPC2011;RICOH MPC 2011sp;841927;TONER MAGENTA RICOH MPC 2011 / 2003 / 2004 / 2503  / 2504;CONSUMIBLES COLOR
RICOHMPC2011;RICOH MPC 2011sp;841928;TONER CIAN RICOH MPC 2011 / 2003 / 2004 / 2503 / 2 504;CONSUMIBLES COLOR
RICOHMPC2500;RICOH MPC 2500;842030;TONER NEGRO RICOH MPC 2500 3000;CONSUMIBLES B/N
RICOHMPC2500;RICOH MPC 2500;842031;TONER AMRILLO RICOH MPC 2500 3000;CONSUMIBLES COLOR
RICOHMPC2500;RICOH MPC 2500;842032;TONER MAGENTA RICOH MPC 2500 3000;CONSUMIBLES COLOR
RICOHMPC2500;RICOH MPC 2500;842033;TONER CIAN RICOH MPC 2500 3000;CONSUMIBLES COLOR
RICOHMPC2550;RICOH MPC 2550sp;841196;TONER RICOH NEGRO MPC 2030 / 2050 / 2530 / 2550 / 2551;CONSUMIBLES COLOR
RICOHMPC2550;RICOH MPC 2550sp;841197;TONER RICOH CIAN MPC 2030 / 2050 / 2530 / 2550 / 2551;CONSUMIBLES COLOR
RICOHMPC2550;RICOH MPC 2550sp;841198;TONER RICOH MAGENTA MPC 2030 / 2050 / 2530 / 2550 / 2551;CONSUMIBLES COLOR
RICOHMPC2550;RICOH MPC 2550sp;841199;TONER RICOH AMARILLO MPC 2030 / 2050 / 2530 / 2550 / 2551;CONSUMIBLES COLOR
RICOHMPC300;RICOH MPC 300;841550;TONER RICOH AFICIO MP-C300 NEGRO;CONSUMIBLES B/N
RICOHMPC300;RICOH MPC 300;841551;TONER RICOH AFICIO MP-C300 CYAN;CONSUMIBLES COLOR
RICOHMPC300;RICOH MPC 300;841552;TONER RICOH AFICIO MP-C300 MAGENTA;CONSUMIBLES COLOR
RICOHMPC300;RICOH MPC 300;841553;TONER RICOH AFICIO MP-C300 AMARILLO;CONSUMIBLES COLOR
RICOHMPC300;RICOH MPC 300;842235;TONER NEGRO MPC401;CONSUMIBLES B/N
RICOHMPC3001;RICOH MPC 3001;841424;TONER RICOH NEGRO 3001 3501;CONSUMIBLES COLOR
RICOHMPC3001;RICOH MPC 3001;842044;TONER RICOH AMARILLO MPC 3300 2800 3001 3501;CONSUMIBLES COLOR
RICOHMPC3001;RICOH MPC 3001;842045;TONER RICOH MAGENTA MPC 3300 2800 3001 3501;CONSUMIBLES COLOR
RICOHMPC3001;RICOH MPC 3001;842046;TONER RICOH CIAN MPC 3300 2800 3001 3501;CONSUMIBLES COLOR
RICOHMPC3002;RICOH MPC 3002;842016;TONER NEGRO RICOH MPC 3002 / 3502;CONSUMIBLES B/N
RICOHMPC3002;RICOH MPC 3002;842017;TONER AMARILLO RICOH MPC 3002 / 3502;CONSUMIBLES COLOR
RICOHMPC3002;RICOH MPC 3002;842018;TONER MAGENTA RICOH MPC 3002 / 3502;CONSUMIBLES COLOR
RICOHMPC3002;RICOH MPC 3002;842019;TONER CIAN RICOH MPC 3002 / 3502;CONSUMIBLES COLOR
RICOHMPC3003;RICOH MPC 3003;841817;TONER NEGRO RICOH MPC 3003 / 3503 / 3004 / 3504;CONSUMIBLES B/N
RICOHMPC3003;RICOH MPC 3003;841818;TONER AMARILLO RICOH MPC 3003 / 3503 / 3004 / 3504;CONSUMIBLES COLOR
RICOHMPC3003;RICOH MPC 3003;841819;TONER MAGENTA RICOH MPC 3003 / 3503 / 3004 / 3504;CONSUMIBLES COLOR
RICOHMPC3003;RICOH MPC 3003;841820;TONER CIAN RICOH MPC 3003 / 3503 / 3004 / 3504;CONSUMIBLES COLOR
RICOHMPC3004;RICOH MPC 3004;841817;TONER NEGRO RICOH MPC 3003 / 3503 / 3004 / 3504;CONSUMIBLES B/N
RICOHMPC3004;RICOH MPC 3004;841818;TONER AMARILLO RICOH MPC 3003 / 3503 / 3004 / 3504;CONSUMIBLES COLOR
RICOHMPC3004;RICOH MPC 3004;841819;TONER MAGENTA RICOH MPC 3003 / 3503 / 3004 / 3504;CONSUMIBLES COLOR
RICOHMPC3004;RICOH MPC 3004;841820;TONER CIAN RICOH MPC 3003 / 3503 / 3004 / 3504;CONSUMIBLES COLOR
RICOHMPC305;RICOH MPC 305;842079;TONER NEGRO RICOH MPC 305;CONSUMIBLES B/N
RICOHMPC305;RICOH MPC 305;842080;TONER AMARILLO RICOH MPC 305;CONSUMIBLES COLOR
RICOHMPC305;RICOH MPC 305;842081;TONER MAGENTA RICOH MPC 305;CONSUMIBLES COLOR
RICOHMPC305;RICOH MPC 305;842082;TONER CIAN RICOH MPC 305;CONSUMIBLES COLOR
RICOHMPC306;RICOH MPC 306spf;842095;TONER NEGRO RICOH MPC 306 / 307 / 406 / 407;CONSUMIBLES COLOR
RICOHMPC306;RICOH MPC 306spf;842096;TONER CIAN RICOH MPC 306 / 307 / 406 / 407;CONSUMIBLES COLOR
RICOHMPC306;RICOH MPC 306spf;842097;TONER MAGENTA RICOH MPC 306 / 307 / 406 / 407;CONSUMIBLES COLOR
RICOHMPC306;RICOH MPC 306spf;842098;TONER AMARILLO RICOH MPC 306 / 307 / 406 / 407;CONSUMIBLES COLOR
RICOHMPC307;RICOH MPC 307sp;842095;TONER NEGRO RICOH MPC 306 / 307 / 406 / 407;CONSUMIBLES COLOR
RICOHMPC307;RICOH MPC 307sp;842096;TONER CIAN RICOH MPC 306 / 307 / 406 / 407;CONSUMIBLES COLOR
RICOHMPC307;RICOH MPC 307sp;842097;TONER MAGENTA RICOH MPC 306 / 307 / 406 / 407;CONSUMIBLES COLOR
RICOHMPC307;RICOH MPC 307sp;842098;TONER AMARILLO RICOH MPC 306 / 307 / 406 / 407;CONSUMIBLES COLOR
RICOHMPC3300;RICOH MPC 3300;842043;TONER NEGRO RICOH MPC 2800 / 3300;CONSUMIBLES COLOR
RICOHMPC3300;RICOH MPC 3300;842044;TONER RICOH AMARILLO MPC 3300 2800 3001 3501;CONSUMIBLES COLOR
RICOHMPC3300;RICOH MPC 3300;842045;TONER RICOH MAGENTA MPC 3300 2800 3001 3501;CONSUMIBLES COLOR
RICOHMPC3300;RICOH MPC 3300;842046;TONER RICOH CIAN MPC 3300 2800 3001 3501;CONSUMIBLES COLOR
RICOHMPC3502;RICOH MPC 3502;842016;TONER NEGRO RICOH MPC 3002 / 3502;CONSUMIBLES B/N
RICOHMPC3502;RICOH MPC 3502;842017;TONER AMARILLO RICOH MPC 3002 / 3502;CONSUMIBLES COLOR
RICOHMPC3502;RICOH MPC 3502;842018;TONER MAGENTA RICOH MPC 3002 / 3502;CONSUMIBLES COLOR
RICOHMPC3502;RICOH MPC 3502;842019;TONER CIAN RICOH MPC 3002 / 3502;CONSUMIBLES COLOR
RICOHMPC3502;RICOH MPC 3502;DIC3002C;TPMER COMP. CIAN AFICIO MPC3002, MPC3502;CONSUMIBLES COLOR
RICOHMPC3502;RICOH MPC 3502;DIC3002K;TONER COMP NEGRO AFICIO MPC3002/3502;CONSUMIBLES B/N
RICOHMPC4502;RICOH MPC 4502;841683;TONER RICOH NEGRO MPC 4502 / 5502;CONSUMIBLES COLOR
RICOHMPC4502;RICOH MPC 4502;841684;TONER AMARILLO RICOH MPC 4502 / 5502;CONSUMIBLES COLOR
RICOHMPC4502;RICOH MPC 4502;841685;TONER MAGENTA RICOH MPC 4502 / 5502;CONSUMIBLES COLOR
RICOHMPC4502;RICOH MPC 4502;841686;TONER CIAN RICOH MPC 4502 / 5502;CONSUMIBLES COLOR
RICOHMPC5000;RICOH MPC 5000;841160;TONER NEGRO RICOH MPC 5000;CONSUMIBLES COLOR
RICOHMPC5000;RICOH MPC 5000;841457;TONER AMARILLO RICOH MPC 5000;CONSUMIBLES COLOR
RICOHMPC5000;RICOH MPC 5000;841458;TONER MAGENTA RICOH MPC 5000;CONSUMIBLES COLOR
RICOHMPC5000;RICOH MPC 5000;841459;TONER CIAN RICOH MPC 5000;CONSUMIBLES COLOR
RICOHMPC5503;RICOH MPC 5503;841853;TONER NEGRO RICOH MPC 4503 5503 4504 5504;CONSUMIBLES B/N
RICOHMPC5503;RICOH MPC 5503;841854;TONER AMARILLO RICOH MPC 4503 5503 4504 5504;CONSUMIBLES COLOR
RICOHMPC5503;RICOH MPC 5503;841855;TONER MAGENTA RICOH MPC 4503 5503 4504 5504;CONSUMIBLES COLOR
RICOHMPC5503;RICOH MPC 5503;841856;TONER CIAN RICOH MPC 4503 5503 4504 5504;CONSUMIBLES COLOR
RICOHMPC5503;RICOH MPC 5503;T-BOTE3503;A2 BOTE RESIDUAL MPC 3503/4503/5503/ SERIE 4;CONSUMIBLES B/N
RICOHPRO8200S;RICOH PRO 8200S;828717;PRO TONER NEGRO 8200S;CONSUMIBLES B/N
RICOHPRO8200S;RICOH PRO 8200S;D2706570;COLLECTION BOTTLE:SERVICE PARTS:ASS PRO 8200S;CONSUMIBLES B/N
RICOHPROC5100;RICOH PRO C5100;413026;RECARGAS GRAPAS TIPO M;CONSUMIBLES B/N
RICOHPROC5100;RICOH PRO C5100;828225;TONER NEGRO RICOH PRO C5100/5100S;CONSUMIBLES COLOR
RICOHPROC5100;RICOH PRO C5100;828226;TONER AMARILLO RICOH PRO C5100/5100S;CONSUMIBLES COLOR
RICOHPROC5100;RICOH PRO C5100;828227;TONER MAGENTA RICOH PRO C5100/5100S;CONSUMIBLES COLOR
RICOHPROC5100;RICOH PRO C5100;828228;TONER CYAN RICOH PRO C5100/5100S;CONSUMIBLES COLOR
RICOHPROC5100;RICOH PRO C5100;828402;TONER RICOH PRO C5100 NEGRO;CONSUMIBLES B/N
RICOHPROC5100;RICOH PRO C5100;828403;TONER RICOH PRO C5100 AMARILLO;CONSUMIBLES COLOR
RICOHPROC5100;RICOH PRO C5100;828404;TONER RICOH PRO C5100 MAGENTA;CONSUMIBLES COLOR
RICOHPROC5100;RICOH PRO C5100;828405;TONER RICOH PRO C5100 CIAN;CONSUMIBLES COLOR
RICOHPROC5100;RICOH PRO C5100;D1363508;BOTE TONER RESIDUAL - PRO C 5100 / 6502 / 8002;CONSUMIBLES COLOR
RICOHPROC7110SX;RICOH PRO C7110SX;828330;TONER NEGRO RICOH PRO 7100 7110;CONSUMIBLES COLOR
RICOHPROC7110SX;RICOH PRO C7110SX;828331;TONER AMARILLO RICOH PRO 7100 7110;CONSUMIBLES COLOR
RICOHPROC7110SX;RICOH PRO C7110SX;828332;TONER MAGENTA RICOH PRO 7100 7110;CONSUMIBLES COLOR
RICOHPROC7110SX;RICOH PRO C7110SX;828333;TONER CIAN RICOH PRO 7100 7110;CONSUMIBLES COLOR
RICOHPROC7110SX;RICOH PRO C7110SX;828344;TONER BLANCO PRO C7100/7110;CONSUMIBLES COLOR
RICOHSPC420;RICOH SPC 420dn;888312;TONER NEGRO RICOH SPC 420dn - TYPE 245;CONSUMIBLES COLOR
RICOHSPC420;RICOH SPC 420dn;888313;TONER AMARILLO RICOH SPC 420dn;CONSUMIBLES COLOR
RICOHSPC420;RICOH SPC 420dn;888314;TONER MAGENTA RICOH SPC 420dn;CONSUMIBLES COLOR
RICOHSPC420;RICOH SPC 420dn;888315;TONER CIAN RICOH SPC 420dn;CONSUMIBLES COLOR
RIMP305;COP RICOH MP 305 SPF;TYPE-305;TONER RICH MP 305SPF;CONSUMIBLES COLOR
RIMP3351;COP RICOH MP 3351;842342;TÓNER NEGRO RICO MP3353/2220D;CONSUMIBLES B/N
RIMP3351;COP RICOH MP 3351;TYPE-2220D;TONER RICOH MP 2550;CONSUMIBLES COLOR
RIMP402;COP RICOH MP 402;841887;TONER RICOH MP 401 / 402 / SP 4520;CONSUMIBLES B/N
RIMP402;COP RICOH MP 402;TYPE-402;TONER RICOH MP 402 ORIGINAL;CONSUMIBLES COLOR
RIMP5054;COP RICOH MP 5054;842348;TONER NEGRO MP3554;CONSUMIBLES B/N
RIMP5054;COP RICOH MP 5054;TYPE-2554;TONER RICOH MP 2554;CONSUMIBLES COLOR
RIMP5054;COP RICOH MP 5054;TYPE-5024;TONER RICOH MP 5054;CONSUMIBLES COLOR
RIMPC300;COP RICOH MPC 300;TYPE-MPC300 M;TONER RICOH MPC 300 MAGENTA;CONSUMIBLES COLOR
RIMPC300;COP RICOH MPC 300;TYPE-MPC300 Y;TONER RICOH MPC 300 YELOW;CONSUMIBLES COLOR
RIMPC300;COP RICOH MPC 300;TYPE-MPC300C;TONER RICOH MPC 300 CYAN;CONSUMIBLES COLOR
RIMPC300;COP RICOH MPC 300;TYPE-MPC300K;TONER RICOH MPC 300 NEGRO;CONSUMIBLES B/N
RIMPC401;COP RICOH MPC 401;842235;TONER NEGRO MPC401;CONSUMIBLES B/N
RIMPC401;COP RICOH MPC 401;TYPE-MPC401K;TONER COLOR RICOH MPC 401 NEGRO;CONSUMIBLES B/N
RZ-200;RISO RZ-200;S-4250;MASTER RISO RZ-200 Z TYPE 30 A4 (2 Uds.);CONSUMIBLE NEGRO
RZ-200;RISO RZ-200;S-4253E;TINTA RISO RZ-200 BLACK INK RZ (2 Uds.);CONSUMIBLES B/N
SCX5835FN;SAMSUNG SCX 5835 FN;SU987A;SAMSUSNG MLT-D 2082S;CONSUMIBLES B/N
SP4510;RICOH SP 4510;407318;TONER RICOH SP 4500 // 4510;CONSUMIBLES B/N
T-33360684;COP. RISO COMCOLOR 7050;T-TIN3010N;A1 TINTA NEGRA RISO COM COLOR 3010/7050;CONSUMIBLES B/N
T-33361894;MULT. RISO COMCOLOR 7050;T-TIN3010N;A1 TINTA NEGRA RISO COM COLOR 3010/7050;CONSUMIBLES B/N
T-41416769;RICOH MPC 3004SP;841817;TONER NEGRO RICOH MPC 3003 / 3503 / 3004 / 3504;CONSUMIBLES B/N
T-41416769;RICOH MPC 3004SP;841818;TONER AMARILLO RICOH MPC 3003 / 3503 / 3004 / 3504;CONSUMIBLES COLOR
T-41416769;RICOH MPC 3004SP;841819;TONER MAGENTA RICOH MPC 3003 / 3503 / 3004 / 3504;CONSUMIBLES COLOR
T-41416769;RICOH MPC 3004SP;841820;TONER CIAN RICOH MPC 3003 / 3503 / 3004 / 3504;CONSUMIBLES COLOR
T-76670740;DUP. RISO EZ 201;S7611;Master RISO EZ 200 / 300 - caja 2 rollos;CONSUMIBLES B/N
T-76670740;DUP. RISO EZ 201;S7612E;TINTA RISO EZ - NEGRA - Caja 2 botes tinta;CONSUMIBLES B/N
T-CN48DIK065;MULT. HP PRO X476DW;3017694;CARTUCHO HP NEGRO 970XL OFFIJET PRO X45;CONSUMIBLES B/N
T-CN48DIK065;MULT. HP PRO X476DW;3017699;CARTUCHO AMARILLO 971XL HP OFFIJET PRO;CONSUMIBLES COLOR
T-CN48DIK065;MULT. HP PRO X476DW;3017700;CARTUCHO MAGENTA 971XL HP OFFIJET PRO X;CONSUMIBLES COLOR
T-CN48DIK065;MULT. HP PRO X476DW;3017701;CARTUCHO HP CYAN 971XL OFFIJET PRO X451;CONSUMIBLES COLOR
T-CN49AIK0NJ;MULT. HP PRO X476DW;CN625AE;TINTA Negra HP 970XL;CONSUMIBLES COLOR
T-CN49AIK0NJ;MULT. HP PRO X476DW;CN626AE;Tinta Cian HP 971XL;CONSUMIBLES COLOR
T-CN49AIK0NJ;MULT. HP PRO X476DW;CN627AE;Tinta Magenta HP 971XL;CONSUMIBLES COLOR
T-CN49AIK0NJ;MULT. HP PRO X476DW;CN628AE;Tinta Amarilla HP 971XL;CONSUMIBLES COLOR
T-CN4CUJK07R;MULT. HP PRO X476DW;CN625AE;TINTA Negra HP 970XL;CONSUMIBLES COLOR
T-CN4CUJK07R;MULT. HP PRO X476DW;CN626AE;Tinta Cian HP 971XL;CONSUMIBLES COLOR
T-CN4CUJK07R;MULT. HP PRO X476DW;CN627AE;Tinta Magenta HP 971XL;CONSUMIBLES COLOR
T-CN4CUJK07R;MULT. HP PRO X476DW;CN628AE;Tinta Amarilla HP 971XL;CONSUMIBLES COLOR
T-CN94F7M0BN;"PLOTTER HP T730 - 36""";3WX25A;HP DESING T830, T730, 728 CARTUCHO NEGRO MATE 130ML;CONSUMIBLES B/N
T-CN94F7M0BN;"PLOTTER HP T730 - 36""";F9J67A;HP DESINGJET T730 CARUCHO CIAN Nº728;CONSUMIBLES COLOR
T-CN94F7M0BN;"PLOTTER HP T730 - 36""";F9J68A;TINTA HP 728 NEGRO mate 300ml Designjet T730 T830;CONSUMIBLES B/N
T-CNBKN4R6Q3;MULT. HP MFP M428FDW;T-TNHPM428;TÓNER HP M428/M404;CONSUMIBLES B/N
T-CNBMN42012;MULT. HP MFP M479FDW;W2030A;HP LaserJet M479fdw nº415A Toner Negro;CONSUMIBLES B/N
T-CNBMN42012;MULT. HP MFP M479FDW;W2030X;TÓNER NEGRO HP Nº 415X (HP M479DFW);CONSUMIBLES B/N
T-CNBMN42012;MULT. HP MFP M479FDW;W2031A;HP LaserJet M479fdw nº415A Toner CIAN;CONSUMIBLES COLOR
T-CNBMN42012;MULT. HP MFP M479FDW;W2031X;TÓNER CIAN HP Nº 415X (HP M479DFW);CONSUMIBLES COLOR
T-CNBMN42012;MULT. HP MFP M479FDW;W2032A;HP LaserJet M479fdw nº415A Toner AMARILLO;CONSUMIBLES COLOR
T-CNBMN42012;MULT. HP MFP M479FDW;W2032X;TÓNER AMARILLO HP Nº 415X (HP M479DFW);CONSUMIBLES COLOR
T-CNBMN42012;MULT. HP MFP M479FDW;W2033A;HP LaserJet M479fdw nº415A Toner Magenta;CONSUMIBLES COLOR
T-CNBMN42012;MULT. HP MFP M479FDW;W2033X;TÓNER MAGENTA HP Nº 415X (HP M479DFW);CONSUMIBLES COLOR
T-CNBVFBN0H8;COP. HP LASERJET FLOW M880 MFP;CF303A;TONER HP LJ MFP M880 Nº827A MAGENTA;CONSUMIBLES COLOR
T-CNCRP162GP;MULT. HP M479FDW;W2030A;HP LaserJet M479fdw nº415A Toner Negro;CONSUMIBLES B/N
T-CNCRP162GP;MULT. HP M479FDW;W2030X;TÓNER NEGRO HP Nº 415X (HP M479DFW);CONSUMIBLES B/N
T-CNCRP162GP;MULT. HP M479FDW;W2031A;HP LaserJet M479fdw nº415A Toner CIAN;CONSUMIBLES COLOR
T-CNCRP162GP;MULT. HP M479FDW;W2031X;TÓNER CIAN HP Nº 415X (HP M479DFW);CONSUMIBLES COLOR
T-CNCRP162GP;MULT. HP M479FDW;W2032A;HP LaserJet M479fdw nº415A Toner AMARILLO;CONSUMIBLES COLOR
T-CNCRP162GP;MULT. HP M479FDW;W2032X;TÓNER AMARILLO HP Nº 415X (HP M479DFW);CONSUMIBLES COLOR
T-CNCRP162GP;MULT. HP M479FDW;W2033A;HP LaserJet M479fdw nº415A Toner Magenta;CONSUMIBLES COLOR
T-CNCRP162GP;MULT. HP M479FDW;W2033X;TÓNER MAGENTA HP Nº 415X (HP M479DFW);CONSUMIBLES COLOR
T-CNCRP1P597;MULT. HP M479FDW;W2030X;TÓNER NEGRO HP Nº 415X (HP M479DFW);CONSUMIBLES B/N
T-CNCRP1P597;MULT. HP M479FDW;W2031X;TÓNER CIAN HP Nº 415X (HP M479DFW);CONSUMIBLES COLOR
T-CNCRP1P597;MULT. HP M479FDW;W2032X;TÓNER AMARILLO HP Nº 415X (HP M479DFW);CONSUMIBLES COLOR
T-CNCRP1P597;MULT. HP M479FDW;W2033X;TÓNER MAGENTA HP Nº 415X (HP M479DFW);CONSUMIBLES COLOR
T-CNCRP1P5CJ;MULT. HP M479FDW;W2030X;TÓNER NEGRO HP Nº 415X (HP M479DFW);CONSUMIBLES B/N
T-CNCRP1P5CJ;MULT. HP M479FDW;W2031X;TÓNER CIAN HP Nº 415X (HP M479DFW);CONSUMIBLES COLOR
T-CNCRP1P5CJ;MULT. HP M479FDW;W2032X;TÓNER AMARILLO HP Nº 415X (HP M479DFW);CONSUMIBLES COLOR
T-CNCRP1P5CJ;MULT. HP M479FDW;W2033X;TÓNER MAGENTA HP Nº 415X (HP M479DFW);CONSUMIBLES COLOR
T-CNDVH2402B;COP. HP LASERJET COLOR M 880Z;CF303A;TONER HP LJ MFP M880 Nº827A MAGENTA;CONSUMIBLES COLOR
T-CNDVH2402B;COP. HP LASERJET COLOR M 880Z;CF358A;TAMBOR NEGRO CF358A - HP M880;CONSUMIBLES B/N
T-CNDVJ2L02J;COP. HP LF M880ZM MANAGED COLOR FLOW;CF303A;TONER HP LJ MFP M880 Nº827A MAGENTA;CONSUMIBLES COLOR
T-CNDVJ2L07H;COP. HP LF M880ZM MANAGED COLOR FLOW;CF303A;TONER HP LJ MFP M880 Nº827A MAGENTA;CONSUMIBLES COLOR
T-CNDVJ6Q01G;COP. HP LF M880ZM MANAGED COLOR FLOW;CF303A;TONER HP LJ MFP M880 Nº827A MAGENTA;CONSUMIBLES COLOR
T-E1610081903;MULT. RICOH ORBYS MPC 3503;841817;TONER NEGRO RICOH MPC 3003 / 3503 / 3004 / 3504;CONSUMIBLES B/N
T-E1610081903;MULT. RICOH ORBYS MPC 3503;841818;TONER AMARILLO RICOH MPC 3003 / 3503 / 3004 / 3504;CONSUMIBLES COLOR
T-E1610081903;MULT. RICOH ORBYS MPC 3503;841819;TONER MAGENTA RICOH MPC 3003 / 3503 / 3004 / 3504;CONSUMIBLES COLOR
T-E1610081903;MULT. RICOH ORBYS MPC 3503;841820;TONER CIAN RICOH MPC 3003 / 3503 / 3004 / 3504;CONSUMIBLES COLOR
T-E163MB30071;COP. RICOH MPC 3503sp;841817;TONER NEGRO RICOH MPC 3003 / 3503 / 3004 / 3504;CONSUMIBLES B/N
T-E163MB30071;COP. RICOH MPC 3503sp;841818;TONER AMARILLO RICOH MPC 3003 / 3503 / 3004 / 3504;CONSUMIBLES COLOR
T-E163MB30071;COP. RICOH MPC 3503sp;841819;TONER MAGENTA RICOH MPC 3003 / 3503 / 3004 / 3504;CONSUMIBLES COLOR
T-E163MB30071;COP. RICOH MPC 3503sp;841820;TONER CIAN RICOH MPC 3003 / 3503 / 3004 / 3504;CONSUMIBLES COLOR
T-E164M018246;MULT. RICOH MPC 3503;841817;TONER NEGRO RICOH MPC 3003 / 3503 / 3004 / 3504;CONSUMIBLES B/N
T-E164M018246;MULT. RICOH MPC 3503;841818;TONER AMARILLO RICOH MPC 3003 / 3503 / 3004 / 3504;CONSUMIBLES COLOR
T-E164M018246;MULT. RICOH MPC 3503;841819;TONER MAGENTA RICOH MPC 3003 / 3503 / 3004 / 3504;CONSUMIBLES COLOR
T-E164M018246;MULT. RICOH MPC 3503;841820;TONER CIAN RICOH MPC 3003 / 3503 / 3004 / 3504;CONSUMIBLES COLOR
T-E164M370400;MULT. RICOH MPC 3503;841817;TONER NEGRO RICOH MPC 3003 / 3503 / 3004 / 3504;CONSUMIBLES B/N
T-E164M370400;MULT. RICOH MPC 3503;841818;TONER AMARILLO RICOH MPC 3003 / 3503 / 3004 / 3504;CONSUMIBLES COLOR
T-E164M370400;MULT. RICOH MPC 3503;841819;TONER MAGENTA RICOH MPC 3003 / 3503 / 3004 / 3504;CONSUMIBLES COLOR
T-E164M370400;MULT. RICOH MPC 3503;841820;TONER CIAN RICOH MPC 3003 / 3503 / 3004 / 3504;CONSUMIBLES COLOR
T-E164M41X778;MULT. RICOH MPC 3503;841817;TONER NEGRO RICOH MPC 3003 / 3503 / 3004 / 3504;CONSUMIBLES B/N
T-E164M41X778;MULT. RICOH MPC 3503;841818;TONER AMARILLO RICOH MPC 3003 / 3503 / 3004 / 3504;CONSUMIBLES COLOR
T-E164M41X778;MULT. RICOH MPC 3503;841819;TONER MAGENTA RICOH MPC 3003 / 3503 / 3004 / 3504;CONSUMIBLES COLOR
T-E164M41X778;MULT. RICOH MPC 3503;841820;TONER CIAN RICOH MPC 3003 / 3503 / 3004 / 3504;CONSUMIBLES COLOR
T-E164M42A905;MULT. RICOH MPC 3503;841817;TONER NEGRO RICOH MPC 3003 / 3503 / 3004 / 3504;CONSUMIBLES B/N
T-E164M42A905;MULT. RICOH MPC 3503;841818;TONER AMARILLO RICOH MPC 3003 / 3503 / 3004 / 3504;CONSUMIBLES COLOR
T-E164M42A905;MULT. RICOH MPC 3503;841819;TONER MAGENTA RICOH MPC 3003 / 3503 / 3004 / 3504;CONSUMIBLES COLOR
T-E164M42A905;MULT. RICOH MPC 3503;841820;TONER CIAN RICOH MPC 3003 / 3503 / 3004 / 3504;CONSUMIBLES COLOR
T-E164M42XX01;MULT. RICOH MPC 3503;841817;TONER NEGRO RICOH MPC 3003 / 3503 / 3004 / 3504;CONSUMIBLES B/N
T-E164M42XX01;MULT. RICOH MPC 3503;841818;TONER AMARILLO RICOH MPC 3003 / 3503 / 3004 / 3504;CONSUMIBLES COLOR
T-E164M42XX01;MULT. RICOH MPC 3503;841819;TONER MAGENTA RICOH MPC 3003 / 3503 / 3004 / 3504;CONSUMIBLES COLOR
T-E164M42XX01;MULT. RICOH MPC 3503;841820;TONER CIAN RICOH MPC 3003 / 3503 / 3004 / 3504;CONSUMIBLES COLOR
T-E164M875320;MULT. RICOH MPC 3503;841817;TONER NEGRO RICOH MPC 3003 / 3503 / 3004 / 3504;CONSUMIBLES B/N
T-E164M875320;MULT. RICOH MPC 3503;841818;TONER AMARILLO RICOH MPC 3003 / 3503 / 3004 / 3504;CONSUMIBLES COLOR
T-E164M875320;MULT. RICOH MPC 3503;841819;TONER MAGENTA RICOH MPC 3003 / 3503 / 3004 / 3504;CONSUMIBLES COLOR
T-E164M875320;MULT. RICOH MPC 3503;841820;TONER CIAN RICOH MPC 3003 / 3503 / 3004 / 3504;CONSUMIBLES COLOR
T-E165M132284;MULT. RICOH ORBYS MPC 3503;841817;TONER NEGRO RICOH MPC 3003 / 3503 / 3004 / 3504;CONSUMIBLES B/N
T-E165M132284;MULT. RICOH ORBYS MPC 3503;841818;TONER AMARILLO RICOH MPC 3003 / 3503 / 3004 / 3504;CONSUMIBLES COLOR
T-E165M132284;MULT. RICOH ORBYS MPC 3503;841819;TONER MAGENTA RICOH MPC 3003 / 3503 / 3004 / 3504;CONSUMIBLES COLOR
T-E165M132284;MULT. RICOH ORBYS MPC 3503;841820;TONER CIAN RICOH MPC 3003 / 3503 / 3004 / 3504;CONSUMIBLES COLOR
T-E165M230916;MULT. RICOH MPC 3503;841817;TONER NEGRO RICOH MPC 3003 / 3503 / 3004 / 3504;CONSUMIBLES B/N
T-E165M230916;MULT. RICOH MPC 3503;841818;TONER AMARILLO RICOH MPC 3003 / 3503 / 3004 / 3504;CONSUMIBLES COLOR
T-E165M230916;MULT. RICOH MPC 3503;841819;TONER MAGENTA RICOH MPC 3003 / 3503 / 3004 / 3504;CONSUMIBLES COLOR
T-E165M230916;MULT. RICOH MPC 3503;841820;TONER CIAN RICOH MPC 3003 / 3503 / 3004 / 3504;CONSUMIBLES COLOR
T-E165M231295;MULT. RICOH MPC 3503;841817;TONER NEGRO RICOH MPC 3003 / 3503 / 3004 / 3504;CONSUMIBLES B/N
T-E165M231295;MULT. RICOH MPC 3503;841818;TONER AMARILLO RICOH MPC 3003 / 3503 / 3004 / 3504;CONSUMIBLES COLOR
T-E165M231295;MULT. RICOH MPC 3503;841819;TONER MAGENTA RICOH MPC 3003 / 3503 / 3004 / 3504;CONSUMIBLES COLOR
T-E165M231295;MULT. RICOH MPC 3503;841820;TONER CIAN RICOH MPC 3003 / 3503 / 3004 / 3504;CONSUMIBLES COLOR
T-E165M330900;MULT. RICOH MPC 3503;841817;TONER NEGRO RICOH MPC 3003 / 3503 / 3004 / 3504;CONSUMIBLES B/N
T-E165M330900;MULT. RICOH MPC 3503;841818;TONER AMARILLO RICOH MPC 3003 / 3503 / 3004 / 3504;CONSUMIBLES COLOR
T-E165M330900;MULT. RICOH MPC 3503;841819;TONER MAGENTA RICOH MPC 3003 / 3503 / 3004 / 3504;CONSUMIBLES COLOR
T-E165M330900;MULT. RICOH MPC 3503;841820;TONER CIAN RICOH MPC 3003 / 3503 / 3004 / 3504;CONSUMIBLES COLOR
T-E165M7BB326;MULT. RICOH MPC 3503;841817;TONER NEGRO RICOH MPC 3003 / 3503 / 3004 / 3504;CONSUMIBLES B/N
T-E165M7BB326;MULT. RICOH MPC 3503;841818;TONER AMARILLO RICOH MPC 3003 / 3503 / 3004 / 3504;CONSUMIBLES COLOR
T-E165M7BB326;MULT. RICOH MPC 3503;841819;TONER MAGENTA RICOH MPC 3003 / 3503 / 3004 / 3504;CONSUMIBLES COLOR
T-E165M7BB326;MULT. RICOH MPC 3503;841820;TONER CIAN RICOH MPC 3003 / 3503 / 3004 / 3504;CONSUMIBLES COLOR
T-E165M938131;MULT. RICOH MPC 3503;841817;TONER NEGRO RICOH MPC 3003 / 3503 / 3004 / 3504;CONSUMIBLES B/N
T-E165M938131;MULT. RICOH MPC 3503;841818;TONER AMARILLO RICOH MPC 3003 / 3503 / 3004 / 3504;CONSUMIBLES COLOR
T-E165M938131;MULT. RICOH MPC 3503;841819;TONER MAGENTA RICOH MPC 3003 / 3503 / 3004 / 3504;CONSUMIBLES COLOR
T-E165M938131;MULT. RICOH MPC 3503;841820;TONER CIAN RICOH MPC 3003 / 3503 / 3004 / 3504;CONSUMIBLES COLOR
T-E165MC21356;MULT. RICOH MPC 3503;841817;TONER NEGRO RICOH MPC 3003 / 3503 / 3004 / 3504;CONSUMIBLES B/N
T-E165MC21356;MULT. RICOH MPC 3503;841818;TONER AMARILLO RICOH MPC 3003 / 3503 / 3004 / 3504;CONSUMIBLES COLOR
T-E165MC21356;MULT. RICOH MPC 3503;841819;TONER MAGENTA RICOH MPC 3003 / 3503 / 3004 / 3504;CONSUMIBLES COLOR
T-E165MC21356;MULT. RICOH MPC 3503;841820;TONER CIAN RICOH MPC 3003 / 3503 / 3004 / 3504;CONSUMIBLES COLOR
T-E166M330691;MULT. RICOH MPC 3503;841817;TONER NEGRO RICOH MPC 3003 / 3503 / 3004 / 3504;CONSUMIBLES B/N
T-E166M330691;MULT. RICOH MPC 3503;841818;TONER AMARILLO RICOH MPC 3003 / 3503 / 3004 / 3504;CONSUMIBLES COLOR
T-E166M330691;MULT. RICOH MPC 3503;841819;TONER MAGENTA RICOH MPC 3003 / 3503 / 3004 / 3504;CONSUMIBLES COLOR
T-E166M330691;MULT. RICOH MPC 3503;841820;TONER CIAN RICOH MPC 3003 / 3503 / 3004 / 3504;CONSUMIBLES COLOR
T-E166M420825;MULT. RICOH MPC 3503;841817;TONER NEGRO RICOH MPC 3003 / 3503 / 3004 / 3504;CONSUMIBLES B/N
T-E166M420825;MULT. RICOH MPC 3503;841818;TONER AMARILLO RICOH MPC 3003 / 3503 / 3004 / 3504;CONSUMIBLES COLOR
T-E166M420825;MULT. RICOH MPC 3503;841819;TONER MAGENTA RICOH MPC 3003 / 3503 / 3004 / 3504;CONSUMIBLES COLOR
T-E166M420825;MULT. RICOH MPC 3503;841820;TONER CIAN RICOH MPC 3003 / 3503 / 3004 / 3504;CONSUMIBLES COLOR
T-E173JA00240;MULT. RICOH MPC 4503;841853;TONER NEGRO RICOH MPC 4503 5503 4504 5504;CONSUMIBLES B/N
T-E173JA00240;MULT. RICOH MPC 4503;841854;TONER AMARILLO RICOH MPC 4503 5503 4504 5504;CONSUMIBLES COLOR
T-E173JA00240;MULT. RICOH MPC 4503;841855;TONER MAGENTA RICOH MPC 4503 5503 4504 5504;CONSUMIBLES COLOR
T-E173JA00240;MULT. RICOH MPC 4503;841856;TONER CIAN RICOH MPC 4503 5503 4504 5504;CONSUMIBLES COLOR
T-E173M309272;MULT. RICOH ORBYS UC 4503;841853;TONER NEGRO RICOH MPC 4503 5503 4504 5504;CONSUMIBLES B/N
T-E173M309272;MULT. RICOH ORBYS UC 4503;841854;TONER AMARILLO RICOH MPC 4503 5503 4504 5504;CONSUMIBLES COLOR
T-E173M309272;MULT. RICOH ORBYS UC 4503;841855;TONER MAGENTA RICOH MPC 4503 5503 4504 5504;CONSUMIBLES COLOR
T-E173M309272;MULT. RICOH ORBYS UC 4503;841856;TONER CIAN RICOH MPC 4503 5503 4504 5504;CONSUMIBLES COLOR
T-E176M420149;MULT. RICOH MPC 5503;841853;TONER NEGRO RICOH MPC 4503 5503 4504 5504;CONSUMIBLES B/N
T-E176M420149;MULT. RICOH MPC 5503;841854;TONER AMARILLO RICOH MPC 4503 5503 4504 5504;CONSUMIBLES COLOR
T-E176M420149;MULT. RICOH MPC 5503;841855;TONER MAGENTA RICOH MPC 4503 5503 4504 5504;CONSUMIBLES COLOR
T-E176M420149;MULT. RICOH MPC 5503;841856;TONER CIAN RICOH MPC 4503 5503 4504 5504;CONSUMIBLES COLOR
T-E1819033030;MULT. RICOH MPC 5503;841853;TONER NEGRO RICOH MPC 4503 5503 4504 5504;CONSUMIBLES B/N
T-E1829012110;MULT. RICOH MPC 5503;841853;TONER NEGRO RICOH MPC 4503 5503 4504 5504;CONSUMIBLES B/N
T-E1829012110;MULT. RICOH MPC 5503;841854;TONER AMARILLO RICOH MPC 4503 5503 4504 5504;CONSUMIBLES COLOR
T-E1829012110;MULT. RICOH MPC 5503;841855;TONER MAGENTA RICOH MPC 4503 5503 4504 5504;CONSUMIBLES COLOR
T-E1829012110;MULT. RICOH MPC 5503;841856;TONER CIAN RICOH MPC 4503 5503 4504 5504;CONSUMIBLES COLOR
T-E183J900531;MULT. RICOH MPC 5503;841853;TONER NEGRO RICOH MPC 4503 5503 4504 5504;CONSUMIBLES B/N
T-E183J900531;MULT. RICOH MPC 5503;841854;TONER AMARILLO RICOH MPC 4503 5503 4504 5504;CONSUMIBLES COLOR
T-E183J900531;MULT. RICOH MPC 5503;841855;TONER MAGENTA RICOH MPC 4503 5503 4504 5504;CONSUMIBLES COLOR
T-E183J900531;MULT. RICOH MPC 5503;841856;TONER CIAN RICOH MPC 4503 5503 4504 5504;CONSUMIBLES COLOR
T-E183M998925;MULT. RICOH MPC 5503;841853;TONER NEGRO RICOH MPC 4503 5503 4504 5504;CONSUMIBLES B/N
T-E183M998925;MULT. RICOH MPC 5503;841854;TONER AMARILLO RICOH MPC 4503 5503 4504 5504;CONSUMIBLES COLOR
T-E183M998925;MULT. RICOH MPC 5503;841855;TONER MAGENTA RICOH MPC 4503 5503 4504 5504;CONSUMIBLES COLOR
T-E183M998925;MULT. RICOH MPC 5503;841856;TONER CIAN RICOH MPC 4503 5503 4504 5504;CONSUMIBLES COLOR
T-E184M530069;MULT. RICOH MPC 5503;841853;TONER NEGRO RICOH MPC 4503 5503 4504 5504;CONSUMIBLES B/N
T-E184M530069;MULT. RICOH MPC 5503;841854;TONER AMARILLO RICOH MPC 4503 5503 4504 5504;CONSUMIBLES COLOR
T-E184M530069;MULT. RICOH MPC 5503;841855;TONER MAGENTA RICOH MPC 4503 5503 4504 5504;CONSUMIBLES COLOR
T-E184M530069;MULT. RICOH MPC 5503;841856;TONER CIAN RICOH MPC 4503 5503 4504 5504;CONSUMIBLES COLOR
T-E184MC30298;MULT. RICOH MPC 5503;841853;TONER NEGRO RICOH MPC 4503 5503 4504 5504;CONSUMIBLES B/N
T-E184MC30298;MULT. RICOH MPC 5503;841854;TONER AMARILLO RICOH MPC 4503 5503 4504 5504;CONSUMIBLES COLOR
T-E184MC30298;MULT. RICOH MPC 5503;841855;TONER MAGENTA RICOH MPC 4503 5503 4504 5504;CONSUMIBLES COLOR
T-E184MC30298;MULT. RICOH MPC 5503;841856;TONER CIAN RICOH MPC 4503 5503 4504 5504;CONSUMIBLES COLOR
T-E196M12GGG1;MULT. RICOH MPC 6003;841853;TONER NEGRO RICOH MPC 4503 5503 4504 5504;CONSUMIBLES B/N
T-E196M12GGG1;MULT. RICOH MPC 6003;841854;TONER AMARILLO RICOH MPC 4503 5503 4504 5504;CONSUMIBLES COLOR
T-E196M12GGG1;MULT. RICOH MPC 6003;841855;TONER MAGENTA RICOH MPC 4503 5503 4504 5504;CONSUMIBLES COLOR
T-E196M12GGG1;MULT. RICOH MPC 6003;841856;TONER CIAN RICOH MPC 4503 5503 4504 5504;CONSUMIBLES COLOR
T-G146P083645;MULT. RICOH MP 2554;842348;TONER NEGRO MP3554;CONSUMIBLES B/N
T-G196R630104;MULT. RICOH MP6054;842349;TONER NEGRO TIPO MP6054;CONSUMIBLES B/N
T-G706MC60136;MULT. RICOH MPC 3504;841817;TONER NEGRO RICOH MPC 3003 / 3503 / 3004 / 3504;CONSUMIBLES B/N
T-G706MC60136;MULT. RICOH MPC 3504;841818;TONER AMARILLO RICOH MPC 3003 / 3503 / 3004 / 3504;CONSUMIBLES COLOR
T-G706MC60136;MULT. RICOH MPC 3504;841819;TONER MAGENTA RICOH MPC 3003 / 3503 / 3004 / 3504;CONSUMIBLES COLOR
T-G706MC60136;MULT. RICOH MPC 3504;841820;TONER CIAN RICOH MPC 3003 / 3503 / 3004 / 3504;CONSUMIBLES COLOR
T-G737J232338;MULT. RICOH MPC 6004;841853;TONER NEGRO RICOH MPC 4503 5503 4504 5504;CONSUMIBLES B/N
T-G737J232338;MULT. RICOH MPC 6004;841854;TONER AMARILLO RICOH MPC 4503 5503 4504 5504;CONSUMIBLES COLOR
T-G737J232338;MULT. RICOH MPC 6004;841855;TONER MAGENTA RICOH MPC 4503 5503 4504 5504;CONSUMIBLES COLOR
T-G737J232338;MULT. RICOH MPC 6004;841856;TONER CIAN RICOH MPC 4503 5503 4504 5504;CONSUMIBLES COLOR
T-J1436601329;COP. LANNIER 5622;842042;TONER NEGRO RICOH MP 2550 - 3010 - 3350 - 1027;CONSUMIBLES B/N
T-J8554001027;COP. RICOH 2232;842042;TONER NEGRO RICOH MP 2550 - 3010 - 3350 - 1027;CONSUMIBLES B/N
T-L7763400176;COP. RICOH MP 5500;842346;TONER MP 9002 - IM 7000 - 7502;CONSUMIBLES B/N
T-L7772500376;COP. RICOH MP 5500;842346;TONER MP 9002 - IM 7000 - 7502;CONSUMIBLES B/N
T-L7872800221;COP. RICOH MP 7500;842346;TONER MP 9002 - IM 7000 - 7502;CONSUMIBLES B/N
T-L7882600159;COP. R-R MP 6500sp;842346;TONER MP 9002 - IM 7000 - 7502;CONSUMIBLES B/N
T-L7972800071;COP. Rex Rotary MP 7500sp;842346;TONER MP 9002 - IM 7000 - 7502;CONSUMIBLES B/N
T-L7972800082;COP. Rex Rotary MP 7500;842346;TONER MP 9002 - IM 7000 - 7502;CONSUMIBLES B/N
T-L7973200021;COP. R-R MP 7500sp;842346;TONER MP 9002 - IM 7000 - 7502;CONSUMIBLES B/N
T-L7973500303;COP. R-R MP 7500sp;842346;TONER MP 9002 - IM 7000 - 7502;CONSUMIBLES B/N
T-L7973780147;COP. RICOH MP 7500 - SR 970;842346;TONER MP 9002 - IM 7000 - 7502;CONSUMIBLES B/N
T-L8Z3Z00235;COP. TASKALFA 6501I;1T02LF0NL0;TK-6705;CONSUMIBLES B/N
T-M6393900665;COP. RICOH MP 3350;842042;TONER NEGRO RICOH MP 2550 - 3010 - 3350 - 1027;CONSUMIBLES B/N
T-M6393900665;COP. RICOH MP 3350;842342;TÓNER NEGRO RICO MP3353/2220D;CONSUMIBLES B/N
T-RL29400610;MULT. OLIVETTI D-COPIA MF 7001;1T02NJ0NL0;TK-6725;CONSUMIBLES B/N
T-S4099320935;IMP. Rex Rotary SP 3300dn;DIAF3300;TOBNER NEGRO RICOH AFFICIO SP3300;CONSUMIBLES B/N
T-S7214614844;COP. RICOH MPC 300;841550;TONER RICOH AFICIO MP-C300 NEGRO;CONSUMIBLES B/N
T-S7214614844;COP. RICOH MPC 300;841551;TONER RICOH AFICIO MP-C300 CYAN;CONSUMIBLES COLOR
T-S7214614844;COP. RICOH MPC 300;841552;TONER RICOH AFICIO MP-C300 MAGENTA;CONSUMIBLES COLOR
T-S7214614844;COP. RICOH MPC 300;841553;TONER RICOH AFICIO MP-C300 AMARILLO;CONSUMIBLES COLOR
T-S7224152134;MULT. RICOH MPC 300;841550;TONER RICOH AFICIO MP-C300 NEGRO;CONSUMIBLES B/N
T-S7224152134;MULT. RICOH MPC 300;841551;TONER RICOH AFICIO MP-C300 CYAN;CONSUMIBLES COLOR
T-S7224152134;MULT. RICOH MPC 300;841552;TONER RICOH AFICIO MP-C300 MAGENTA;CONSUMIBLES COLOR
T-S7224152134;MULT. RICOH MPC 300;841553;TONER RICOH AFICIO MP-C300 AMARILLO;CONSUMIBLES COLOR
T-S9023700415;COP. Rex Rotary SP 5200s;821229;TONER NEGRO SP5200 LARGA DURACIÓN 18000;CONSUMIBLES B/N
T-S9309101165;IMP. RICOH SPC 430dn;821279;TONER RICOH NEGRO SPC440cn SPC430dn SPC431dn;CONSUMIBLES B/N
T-S9309101165;IMP. RICOH SPC 430dn;821280;TONER CIAN RICO SPC430;CONSUMIBLES COLOR
T-S9309101165;IMP. RICOH SPC 430dn;821281;TONER MAGENTA RICOH SPC430;CONSUMIBLES COLOR
T-S9309101165;IMP. RICOH SPC 430dn;821282;TONER AMARILLO RICOH SPC430;CONSUMIBLES COLOR
T-S9309101600;IMP. RICOH SPC 430cn;821279;TONER RICOH NEGRO SPC440cn SPC430dn SPC431dn;CONSUMIBLES B/N
T-S9309101600;IMP. RICOH SPC 430cn;821280;TONER CIAN RICO SPC430;CONSUMIBLES COLOR
T-S9309101600;IMP. RICOH SPC 430cn;821281;TONER MAGENTA RICOH SPC430;CONSUMIBLES COLOR
T-S9309101600;IMP. RICOH SPC 430cn;821282;TONER AMARILLO RICOH SPC430;CONSUMIBLES COLOR
T-S9309602063;IMP. RICOH SPC 430dn;821279;TONER RICOH NEGRO SPC440cn SPC430dn SPC431dn;CONSUMIBLES B/N
T-S9309602063;IMP. RICOH SPC 430dn;821280;TONER CIAN RICO SPC430;CONSUMIBLES COLOR
T-S9309602063;IMP. RICOH SPC 430dn;821281;TONER MAGENTA RICOH SPC430;CONSUMIBLES COLOR
T-S9309602063;IMP. RICOH SPC 430dn;821282;TONER AMARILLO RICOH SPC430;CONSUMIBLES COLOR
T-T1119000329;IMPRESORA RICOH SP 4310N;407649;RICOH SP4100N/SP4110N/SP4210N/SP4310 TYPE 220 SP-4100;CONSUMIBLES B/N
T-V1593000448;MULT. RICOH MPC 3300;842043;TONER NEGRO RICOH MPC 2800 / 3300;CONSUMIBLES COLOR
T-V1593000448;MULT. RICOH MPC 3300;842044;TONER RICOH AMARILLO MPC 3300 2800 3001 3501;CONSUMIBLES COLOR
T-V1593000448;MULT. RICOH MPC 3300;842045;TONER RICOH MAGENTA MPC 3300 2800 3001 3501;CONSUMIBLES COLOR
T-V1593000448;MULT. RICOH MPC 3300;842046;TONER RICOH CIAN MPC 3300 2800 3001 3501;CONSUMIBLES COLOR
T-V2204502773;COP. RICOH MPC 2050;841196;TONER RICOH NEGRO MPC 2030 / 2050 / 2530 / 2550 / 2551;CONSUMIBLES COLOR
T-V2204502773;COP. RICOH MPC 2050;841197;TONER RICOH CIAN MPC 2030 / 2050 / 2530 / 2550 / 2551;CONSUMIBLES COLOR
T-V2204502773;COP. RICOH MPC 2050;841198;TONER RICOH MAGENTA MPC 2030 / 2050 / 2530 / 2550 / 2551;CONSUMIBLES COLOR
T-V2204502773;COP. RICOH MPC 2050;841199;TONER RICOH AMARILLO MPC 2030 / 2050 / 2530 / 2550 / 2551;CONSUMIBLES COLOR
T-V4409011261;MULT. RICOH MP 171;888261;TONER NEGRO RICOH 1270D (Aficio 1515/MP161/MP201/MP171F/SPF);CONSUMIBLES B/N
T-V8314064994;COP. RICOH MP 3351;842042;TONER NEGRO RICOH MP 2550 - 3010 - 3350 - 1027;CONSUMIBLES B/N
T-V9313901418;COP. Rex Rotary MPC 3001;841424;TONER RICOH NEGRO 3001 3501;CONSUMIBLES COLOR
T-V9313901418;COP. Rex Rotary MPC 3001;842044;TONER RICOH AMARILLO MPC 3300 2800 3001 3501;CONSUMIBLES COLOR
T-V9313901418;COP. Rex Rotary MPC 3001;842045;TONER RICOH MAGENTA MPC 3300 2800 3001 3501;CONSUMIBLES COLOR
T-V9313901418;COP. Rex Rotary MPC 3001;842046;TONER RICOH CIAN MPC 3300 2800 3001 3501;CONSUMIBLES COLOR
T-V9613705615;COP. RICOH MPC 5501;3010062;TONER CIAN MPC4000/4501/5501;CONSUMIBLES COLOR
T-V9613705615;COP. RICOH MPC 5501;3010063;TONER MAGENTA MPC4000/4501/5501;CONSUMIBLES COLOR
T-V9613705615;COP. RICOH MPC 5501;3010064;TONER AMARILLO MPC4000/4501/5501;CONSUMIBLES COLOR
T-V9613705615;COP. RICOH MPC 5501;3010089;TONER NEGRO MPC4501/C5501;CONSUMIBLE NEGRO
T-V9814701947;COP. RICOH MPC 2551;841196;TONER RICOH NEGRO MPC 2030 / 2050 / 2530 / 2550 / 2551;CONSUMIBLES COLOR
T-V9814701947;COP. RICOH MPC 2551;841197;TONER RICOH CIAN MPC 2030 / 2050 / 2530 / 2550 / 2551;CONSUMIBLES COLOR
T-V9814701947;COP. RICOH MPC 2551;841198;TONER RICOH MAGENTA MPC 2030 / 2050 / 2530 / 2550 / 2551;CONSUMIBLES COLOR
T-V9814701947;COP. RICOH MPC 2551;841199;TONER RICOH AMARILLO MPC 2030 / 2050 / 2530 / 2550 / 2551;CONSUMIBLES COLOR
T-V9834611201;COP. RICOH MPC 2551;3010053;TONER CIAN MPC2050/2051/2551;CONSUMIBLES COLOR
T-V9834611201;COP. RICOH MPC 2551;3010054;TONER MAGENTA MPC2050/2051/2551;CONSUMIBLES COLOR
T-V9834611201;COP. RICOH MPC 2551;3010055;TONER AMARILLO MPC2050/2051/2551;CONSUMIBLES COLOR
T-V9834611201;COP. RICOH MPC 2551;842061;TONER NEGRO MPC2051/2551;CONSUMIBLES B/N
T-VNCKM2122P;MULT. HP PRO M477FDN;CF410A;HP LASERJET 410A TONER NEGRO;CONSUMIBLES COLOR
T-VNCKM3H293;MULT. HP PRO M477FDN;128CF413XC-P;TONER HP LS M452DN/M477FNDHT-CF413X (410X) MAGENTA;CONSUMIBLES COLOR
T-VNCKM3H293;MULT. HP PRO M477FDN;CF410A;HP LASERJET 410A TONER NEGRO;CONSUMIBLES COLOR
T-VNCKM3H293;MULT. HP PRO M477FDN;CF411A;HP LASERJET 410A TONER CIAN;CONSUMIBLES COLOR
T-VNCKM3H293;MULT. HP PRO M477FDN;CF412A;HP LASERJET 410A TONER AMARILLO;CONSUMIBLES COLOR
T-VNCKM3H293;MULT. HP PRO M477FDN;CF413A;HP LASERJET 410A TONER MAGENTA;CONSUMIBLES COLOR
T-VWT2901844;MULT. OLIVETTI MF2624 PLUS;B1237;TONER OLIVETTI NEGRO D-COLOR MF2624, P22;CONSUMIBLES B/N
T-VWT2901844;MULT. OLIVETTI MF2624 PLUS;B1238;TONER OLIVETTI CYAN D-COLOR MF264,P222;CONSUMIBLES COLOR
T-VWT2901844;MULT. OLIVETTI MF2624 PLUS;B1239;TONER OLIVETTI MAGENTA D-COLOR MF2624;CONSUMIBLES COLOR
T-VWT2901844;MULT. OLIVETTI MF2624 PLUS;B1240;TONER OLIVETTI AMARILLO D-COLOR MF2624;CONSUMIBLES COLOR
T-VWT2901844;MULT. OLIVETTI MF2624 PLUS;DIB1237;TONER COMP. NEGRO D-COLOR MF2624PLUS/P2;CONSUMIBLES B/N
T-VWT2901847;MULT. OLIVETTI D-COLOR MF 2624 PLUS;B1237;TONER OLIVETTI NEGRO D-COLOR MF2624, P22;CONSUMIBLES B/N
T-VWT2901847;MULT. OLIVETTI D-COLOR MF 2624 PLUS;DIB1237;TONER COMP. NEGRO D-COLOR MF2624PLUS/P2;CONSUMIBLES B/N
T-VWT2901847;MULT. OLIVETTI D-COLOR MF 2624 PLUS;DIB1238;TONER COMP. CYAN D-COLOR MF2624PLUS/P22;CONSUMIBLES COLOR
T-W1B39B;COP. HP MFP P77740Z;M0J98AE;HP PAGEWIDE PRO 750/772/777 991X AMARILLO;CONSUMIBLES COLOR
T-W1B39B;COP. HP MFP P77740Z;M0K02AE;HP PAGEWIDE PRO 750/772/777 991X NEGRO;CONSUMIBLES B/N
T-W492K049865;COP. RICOH MPC 3002;842016;TONER NEGRO RICOH MPC 3002 / 3502;CONSUMIBLES B/N
T-W492K049865;COP. RICOH MPC 3002;842017;TONER AMARILLO RICOH MPC 3002 / 3502;CONSUMIBLES COLOR
T-W492K049865;COP. RICOH MPC 3002;842018;TONER MAGENTA RICOH MPC 3002 / 3502;CONSUMIBLES COLOR
T-W492K049865;COP. RICOH MPC 3002;842019;TONER CIAN RICOH MPC 3002 / 3502;CONSUMIBLES COLOR
T-W502K036300;COP. RICOH MPC 3502;842016;TONER NEGRO RICOH MPC 3002 / 3502;CONSUMIBLES B/N
T-W502K036300;COP. RICOH MPC 3502;842017;TONER AMARILLO RICOH MPC 3002 / 3502;CONSUMIBLES COLOR
T-W502K036300;COP. RICOH MPC 3502;842018;TONER MAGENTA RICOH MPC 3002 / 3502;CONSUMIBLES COLOR
T-W502K036300;COP. RICOH MPC 3502;842019;TONER CIAN RICOH MPC 3002 / 3502;CONSUMIBLES COLOR
T-W502K602996;COP. RICOH MPC 3502;842016;TONER NEGRO RICOH MPC 3002 / 3502;CONSUMIBLES B/N
T-W502K602996;COP. RICOH MPC 3502;842017;TONER AMARILLO RICOH MPC 3002 / 3502;CONSUMIBLES COLOR
T-W502K602996;COP. RICOH MPC 3502;842018;TONER MAGENTA RICOH MPC 3002 / 3502;CONSUMIBLES COLOR
T-W502K602996;COP. RICOH MPC 3502;842019;TONER CIAN RICOH MPC 3002 / 3502;CONSUMIBLES COLOR
T-W502K604444;COP. RICOH MPC 3502;842016;TONER NEGRO RICOH MPC 3002 / 3502;CONSUMIBLES B/N
T-W502K604444;COP. RICOH MPC 3502;842017;TONER AMARILLO RICOH MPC 3002 / 3502;CONSUMIBLES COLOR
T-W502K604444;COP. RICOH MPC 3502;842018;TONER MAGENTA RICOH MPC 3002 / 3502;CONSUMIBLES COLOR
T-W502K604444;COP. RICOH MPC 3502;842019;TONER CIAN RICOH MPC 3002 / 3502;CONSUMIBLES COLOR
T-W503K607426;COP. RICOH MPC 3502;842016;TONER NEGRO RICOH MPC 3002 / 3502;CONSUMIBLES B/N
T-W503K607426;COP. RICOH MPC 3502;842017;TONER AMARILLO RICOH MPC 3002 / 3502;CONSUMIBLES COLOR
T-W503K607426;COP. RICOH MPC 3502;842018;TONER MAGENTA RICOH MPC 3002 / 3502;CONSUMIBLES COLOR
T-W503K607426;COP. RICOH MPC 3502;842019;TONER CIAN RICOH MPC 3002 / 3502;CONSUMIBLES COLOR
T-W542J500104;MULT. RICOH MPC 5502;841683;TONER RICOH NEGRO MPC 4502 / 5502;CONSUMIBLES COLOR
T-W542J500104;MULT. RICOH MPC 5502;841684;TONER AMARILLO RICOH MPC 4502 / 5502;CONSUMIBLES COLOR
T-W542J500104;MULT. RICOH MPC 5502;841685;TONER MAGENTA RICOH MPC 4502 / 5502;CONSUMIBLES COLOR
T-W542J500104;MULT. RICOH MPC 5502;841686;TONER CIAN RICOH MPC 4502 / 5502;CONSUMIBLES COLOR
T-W542J500104;MULT. RICOH MPC 5502;842020;TONER RICOH NEGRO MPC 4502 / 5502;CONSUMIBLES B/N
T-W542J703728;MULT. RICOH MPC 5502;841683;TONER RICOH NEGRO MPC 4502 / 5502;CONSUMIBLES COLOR
T-W542J703728;MULT. RICOH MPC 5502;841684;TONER AMARILLO RICOH MPC 4502 / 5502;CONSUMIBLES COLOR
T-W542J703728;MULT. RICOH MPC 5502;841685;TONER MAGENTA RICOH MPC 4502 / 5502;CONSUMIBLES COLOR
T-W542J703728;MULT. RICOH MPC 5502;841686;TONER CIAN RICOH MPC 4502 / 5502;CONSUMIBLES COLOR
T-W542J800637;MULT. REX-ROTARY MPC 5502;841683;TONER RICOH NEGRO MPC 4502 / 5502;CONSUMIBLES COLOR
T-W542J800637;MULT. REX-ROTARY MPC 5502;841684;TONER AMARILLO RICOH MPC 4502 / 5502;CONSUMIBLES COLOR
T-W542J800637;MULT. REX-ROTARY MPC 5502;841685;TONER MAGENTA RICOH MPC 4502 / 5502;CONSUMIBLES COLOR
T-W542J800637;MULT. REX-ROTARY MPC 5502;841686;TONER CIAN RICOH MPC 4502 / 5502;CONSUMIBLES COLOR
T-W794PC00787;MULT.  RICOH MPC 305;842079;TONER NEGRO RICOH MPC 305;CONSUMIBLES B/N
T-W794PC00787;MULT.  RICOH MPC 305;842080;TONER AMARILLO RICOH MPC 305;CONSUMIBLES COLOR
T-W794PC00787;MULT.  RICOH MPC 305;842081;TONER MAGENTA RICOH MPC 305;CONSUMIBLES COLOR
T-W794PC00787;MULT.  RICOH MPC 305;842082;TONER CIAN RICOH MPC 305;CONSUMIBLES COLOR
T-W8719040203;MULT. ORBYS UM7502;842346;TONER MP 9002 - IM 7000 - 7502;CONSUMIBLES B/N
T-W8719040204;MULT. RICOH MP 7502;842346;TONER MP 9002 - IM 7000 - 7502;CONSUMIBLES B/N
T-W873JC00089;COP. R-R MP 7502sp;842346;TONER MP 9002 - IM 7000 - 7502;CONSUMIBLES B/N
T-W876J200073;COP. Rex Rotary MP 7502sp;842346;TONER MP 9002 - IM 7000 - 7502;CONSUMIBLES B/N
T-W884J800056;COP. R-R MP 9002sp;842346;TONER MP 9002 - IM 7000 - 7502;CONSUMIBLES B/N
T-W884J900036;COP. R-R MP 9002sp;842346;TONER MP 9002 - IM 7000 - 7502;CONSUMIBLES B/N
T.250;EQUIPO KYOCERA TASKALFA 250ci;TK825K;TONER KYOCERA NEGRO;CONSUMIBLES B/N
T7000;PLOTTER EPSON T7000;C13T619300;BOTE RESIDUAL EPSON SureColor T-Series SC-T3000;CONSUMIBLES B/N
T7000;PLOTTER EPSON T7000;C13T693100;Epson GF Serie SC-T Cartucho negro Foto 350 ml;CONSUMIBLES B/N
T7000;PLOTTER EPSON T7000;C13T693200;TINTA EPSON CIAN 350ML SUPERCOLOR T/3000/5000/7000;CONSUMIBLES COLOR
T7000;PLOTTER EPSON T7000;C13T693300;TINTA EPSON MAGENTA 350ML SUREC T/3000/5000/7000;CONSUMIBLES COLOR
T7000;PLOTTER EPSON T7000;C13T693400;TINTA EPSON AMARILLO 350ML SURE T/3000/5000/7000;CONSUMIBLES COLOR
T7000;PLOTTER EPSON T7000;C13T693500;Epson GF Serie SC-T Cartucho negro Mate 350 ml;CONSUMIBLES B/N
TASK5053CI;TASKALFA 5053ci;1T02ND0NL0;TK-8515K;CONSUMIBLES B/N
TASK5053CI;TASKALFA 5053ci;1T02NDANL0;TK-8515Y;CONSUMIBLES COLOR
TASK5053CI;TASKALFA 5053ci;1T02NDBNL0;TK-8515M;CONSUMIBLES COLOR
TASK5053CI;TASKALFA 5053ci;1T02NDCNL0;TK-8515C;CONSUMIBLES COLOR
TRIUM_DC2435;TRIUMPH ADLER DC2435;1T02LH0NL0;TK-6305;CONSUMIBLES B/N
TRIUM_DC2435;TRIUMPH ADLER DC2435;1T02LH0NL1;TK-6305;CONSUMIBLES B/N
W6B55A;HP Plotter DesignJet T1700;P2V68A;HP INK JET Nº730 CIAN;CONSUMIBLES COLOR
W6B55A;HP Plotter DesignJet T1700;P2V69A;TINTA HP 730 MAGENTA Designjet T1700 (300ml);CONSUMIBLES COLOR
W6B55A;HP Plotter DesignJet T1700;P2V70A;HP INK JET Nº730 300ML AMARILLO;CONSUMIBLES COLOR
W6B55A;HP Plotter DesignJet T1700;P2V71A;HP INK JET Nº730 300ML MATTE BLACK;CONSUMIBLES B/N
W6B55A;HP Plotter DesignJet T1700;P2V72A;HP INK JET Nº730 300ML GRAY;CONSUMIBLES B/N
W6B55A;HP Plotter DesignJet T1700;P2V73A;HP INK JET Nº730 300ML PHOTO BLACK;CONSUMIBLES B/N
X476DW;HP Pro x476dw;128CN625AE-P;CARTUCHO NEGRO X451DW / X551DWNº970XL;CONSUMIBLES B/N
X476DW;HP Pro x476dw;128CN626AE-P;CARTUCHO CYAN X451DW / X551DW Nº 970XL;CONSUMIBLES COLOR
X476DW;HP Pro x476dw;128CN627AE-P;CARTUCHO MAGENTA X451DW / X551DW Nº 970XL;CONSUMIBLES COLOR
X476DW;HP Pro x476dw;128CN628AE-P;CARTUCHO AMARILLO X451DW / X551DW Nº970XL;CONSUMIBLES COLOR
X476DW;HP Pro x476dw;CN625AE;TINTA Negra HP 970XL;CONSUMIBLES COLOR
X476DW;HP Pro x476dw;CN626AE;Tinta Cian HP 971XL;CONSUMIBLES COLOR
X476DW;HP Pro x476dw;CN627AE;Tinta Magenta HP 971XL;CONSUMIBLES COLOR
X476DW;HP Pro x476dw;CN628AE;Tinta Amarilla HP 971XL;CONSUMIBLES COLOR
X477DW;HP Pro x477dw;128F6T81AE-P;CARTUCHO CYAN P477DW / 9452DW / P57750DWNº973X;CONSUMIBLES COLOR
X477DW;HP Pro x477dw;128F6T82AE-P;CARTUCHO MAGENTA P477DW / P57750DWNº973X;CONSUMIBLES COLOR
X477DW;HP Pro x477dw;128F6T83AE-P;CARTUCHO AMARILLO P477DW / P452DW / P5Nº973X;CONSUMIBLES COLOR
X477DW;HP Pro x477dw;128L0S07AE-P;CARTUCHO NEGRO P477DW / P452DW / P57750DW Nº 973X;CONSUMIBLES B/N
X477DW;HP Pro x477dw;B5L09A;HP UNIDAD RECOGIDA RESIDUAL TINTA P477/P577;CONSUMIBLES B/N
XEROX9065;COP RAN XEROX PRIMELINK C9065 V;008R12990;BOTE RESIDUAL XEROX 700 DIGITAL COLOR PRESS;CONSUMIBLES COLOR
XEROX9065;COP RAN XEROX PRIMELINK C9065 V;P006R01734XEROXK;TONER XEROX PRIMELINK C9070 NEGRO;CONSUMIBLES B/N
XEROX9065;COP RAN XEROX PRIMELINK C9065 V;P006R01735XEROXCYAN;TONER XEROX PRIMELINK C9070 CYAN;CONSUMIBLES COLOR
XEROX9065;COP RAN XEROX PRIMELINK C9065 V;P006R01736XEROXM;TONER XEROX PRIMELINK C9070 MAGENTA;CONSUMIBLES COLOR
XEROX9065;COP RAN XEROX PRIMELINK C9065 V;P006R01737XEROXY;TONER XEROX PRIMELINK C9070 YELOW;CONSUMIBLES COLOR
XEROX9065;COP RAN XEROX PRIMELINK C9065 V;XEROX242/240cyan;TONER XEROX 242 /240 CYAN ORIGINAL;CONSUMIBLES COLOR
XEROX9065;COP RAN XEROX PRIMELINK C9065 V;XEROX242/240magenta;TONER XEROX C 240 MAGENTA;CONSUMIBLES COLOR
XEROX9065;COP RAN XEROX PRIMELINK C9065 V;XEROX242/240YELOW;TONER NEXOR 242/240 PCK 2 YELOW;CONSUMIBLES COLOR
